FarmerID2,Income
1428472360840570,821062
1428305717137990,1123519
1428296571996220,904571
1427922448531000,741478
1427532785767070,1393572
1427345825656770,718999
1427182334890460,4031870
1426998901734540,7806193
1426772294357120,1052256
1426577778923980,885796
1426531777222920,593699
1426341368119510,1134016
1426301531444430,947708
1426217165480110,3346095
1425833268639090,1219437
1425536574267720,875097
1425456066081250,1002399
1425290763713070,1431426
1424691548804280,819926
1424674907249750,814124
1424556018964180,874489
1424525323596550,2012700
1424409553315350,789321
1424404168285160,1053951
1424389914810450,728598
1424367173150540,1172858
1424201468771610,690282
1424159160684650,817522
1424156036962270,1155896
1423920340360870,1102659
1423839035712920,1473062
1423716455637850,732439
1423651858727080,975903
1423562599151830,599080
1423468897741100,789188
1423440397019890,567892
1423061820316120,971760
1422872032251010,794236
1422820862482440,648506
1422645101732540,1947934
1422608671927270,822252
1422473772637590,1021949
1422282635400450,1000158
1422209879700850,1476396
1422142264910670,848066
1421910930537320,1227759
1421854677076680,1068623
1421610258321080,579027
1421580051850490,1170572
1421490544081150,844969
1421479492831790,627647
1421449171041400,1270578
1421362458813690,738356
1421354344069380,760204
1421252493790590,956492
1421251927152170,1155734
1421202799754200,1518033
1420911434595450,827773
1420810867641760,853784
1420788152895080,771213
1420652545667270,890846
1420119457368900,987008
1419909774130020,660111
1419893950611190,1076104
1419673783851330,845687
1419652243637400,739416
1419590667904530,1146503
1419544026002560,662873
1419273768421320,814999
1419059189966670,1544047
1418945518486350,1287849
1418710734687150,746863
1418637290425530,580416
1418606291767000,897435
1418426607273250,1241328
1418425053470900,819804
1418317731540560,713460
1418072198517620,773957
1417958655102170,1164718
1417925936578710,1123253
1417922400839280,2052525
1417781156148170,657110
1417487079849080,993576
1417381237338820,810442
1417121707583770,893766
1417112200104000,862767
1417094193735410,659350
1417039829336460,801597
1416661496266620,1382570
1416402730494800,1003037
1416062885350750,756509
1415930430334780,1813900
1415887517388900,719890
1415727939262970,820807
1415396438212980,811732
1415378483890910,795603
1415253037736820,756192
1415111861935960,1011384
1415065529871620,1142733
1414849953570160,996362
1414729661011510,676340
1414575231339310,2348252
1414499408990000,630410
1414399667192020,653003
1414312550696200,817002
1414292400393500,575011
1414009635962620,548843
1413810548417220,1068275
1413794270681530,670588
1413706232465050,1079871
1413583142894000,613014
1413429040722150,631454
1413350122554550,932741
1413299729865350,979502
1413295739653730,682137
1413122950201120,1519741
1412999018700930,823059
1412984287268610,822249
1412914214188610,1185690
1412663980577100,618005
1412632330543150,754540
1412494604480290,925186
1412328093518010,1292740
1412146865758100,930742
1411965128719780,702860
1411842829957330,978865
1411751285854360,616146
1411750011447930,636803
1411651732228590,801303
1411456085900650,777126
1411424391755910,757832
1411373676188820,1066670
1411120060161030,971847
1410931913051010,1519489
1410844366368540,902027
1410761921450360,1550339
1410713844963920,1197937
1410639136935260,842180
1410468789252770,770838
1410218138744560,741224
1410152480507220,1218624
1410062703470900,958534
1409826618035990,1283951
1409724228481380,1174113
1409655279995830,1602346
1409529406901140,1048306
1409464798095690,1384656
1409374225750730,987535
1409366963013430,1005417
1409325869659900,921675
1409306601823840,1654868
1408716603954690,832036
1408338229320890,945457
1408045705831990,894795
1407983512346580,843733
1407793068307410,773229
1407495166381460,875996
1407332958994400,570723
1407082220494040,1472584
1406875399019430,1425526
1406657113841420,666875
1406619955758740,703948
1406599968793690,1810479
1406514278832250,1157271
1406345318487550,1120990
1406157400688650,752333
1405412047177180,1362011
1405278239856660,1155236
1405200266421510,746131
1405192219442980,1037928
1405157908551230,770427
1405144642278980,652480
1405058225204450,741510
1405011731001190,597813
1404995169968910,695347
1404891978088200,739371
1404799866879700,1629629
1404674197797650,978469
1404641600915680,815511
1404575104049450,1001928
1404219146179810,1161907
1404091102739770,997402
1404036107879090,2695536
1403623114874250,547554
1403551807485350,1306018
1403492220671760,877019
1403444372859540,1424931
1403405300709900,839933
1403331882954180,690289
1403115102794620,833759
1403071122927110,830649
1402926254027290,1012967
1402882295765410,485989
1402830701643280,895061
1402829436195680,937193
1402674927302590,728851
1402496060957350,940824
1402304707382070,787053
1402134438679010,984242
1401871626484390,1230219
1401831720317040,635447
1401643268512470,613013
1401540965787290,724032
1401205936290280,605522
1401032477939200,952393
1400883720663760,935326
1400748617288480,1581217
1400627230568030,801214
1400409763477910,748136
1400350653829960,691468
1400001193277860,699914
1399814618157920,793648
1399763607107200,1231806
1399348556883700,785874
1399337960216020,899515
1399280014127860,795501
1399271404951490,1005753
1399208103865730,1020011
1399179447809830,951921
1398829011386670,690143
1398742379357000,851052
1398707794710850,1435065
1398596904697220,886047
1398502895844460,878329
1398184210137200,1148760
1398132015297140,863075
1398095455894890,648792
1398088445836670,619399
1398035578491710,1299628
1397992642124640,1100002
1397813719950340,1226645
1397445964845780,706082
1397426749938000,764954
1397374443340670,796766
1397077168250670,764576
1397069014242290,779734
1397056206508940,955539
1396984652693060,747257
1396975324608510,1412382
1396904277167580,752288
1396883301117050,877803
1396771973696350,968574
1396621911442440,5140708
1396510821138830,654672
1396477947436160,502148
1396278543829620,2835797
1396257275345040,786763
1396186339560510,775159
1396106090326250,1167902
1396087826351180,847920
1396036057349010,640401
1395842262917440,1446788
1395837709000550,2045620
1395790345497380,1007099
1395717155340100,784948
1395715154985300,852298
1395556725914540,1162354
1395541393578240,585317
1395407919548570,1526590
1395065908180350,1171867
1394848083870670,508289
1394812405849360,934238
1394810556411570,410520
1394745394086850,557967
1394681673408590,1031804
1394514570773440,699266
1394453004537820,489140
1394143042511550,1200820
1393758642671400,995346
1393271950172650,1258470
1393118635636890,861359
1393009839142270,1048735
1393007842008600,766771
1392739986990420,1484797
1392373908140880,1616075
1392310772654490,1640508
1392208053504820,612645
1392169969775020,1356365
1392040556451220,864374
1392034057050620,1330552
1391887964497910,919921
1391792421567060,701886
1391736263760340,566887
1391621612754820,836084
1391208552282840,12840793
1391026395167700,719204
1390999527248820,644561
1390765570925990,531222
1390634880687840,825964
1390612651739810,759203
1390601249115270,706026
1390537177494030,711936
1390372199260290,1434996
1390311921398430,594365
1390293340402250,769867
1390229991061350,744675
1390160772594030,513215
1389950987849320,578799
1389950777721880,1432397
1389824140590980,876902
1389698922734340,680769
1388970000203150,719960
1388617989340340,921324
1388579278614410,601123
1388386525162290,938407
1388161133029340,1523335
1388119426885510,821308
1388099292242100,796358
1387803883607350,879074
1387678275951270,814218
1387486858525410,1202191
1387396891006820,1124415
1387395131553990,906475
1387202590192080,692515
1387182846607400,664935
1387083439782450,1451587
1386789312597080,683589
1386735661299150,580125
1386575157852300,1002672
1386568849220410,1079528
1386505601098540,626539
1386150812420350,893375
1385970030211830,905598
1385854630696780,932229
1385804786263950,965415
1385789011559460,963063
1385716939913200,1311774
1385696891562850,1162813
1385634879520200,631777
1385221672799250,483306
1384892143018180,1091574
1384758386431410,701682
1384635061211020,837177
1384531172717610,742523
1384505778637750,472127
1384473074935860,1120790
1384435308882140,829604
1384346708043710,1067444
1384330628240540,1239254
1383901948269500,1258902
1383830518752490,766845
1383741316132570,906894
1383635777924280,1201535
1383616878090960,698439
1383537267653660,674514
1383520774591560,1061775
1383481537715930,1166541
1383280885274900,1065691
1383257993574580,735181
1383164797956390,980044
1382730000043190,723104
1382715164406070,681529
1382455750390600,862787
1382365747563370,1225142
1382189614078810,558257
1381875090529760,988655
1381781060142680,768538
1381681212143840,877800
1381558911552650,791269
1381511348971440,803601
1381382524630560,710889
1381268619069640,1804385
1381226539073150,1238933
1381168016546370,832019
1381102016163810,647582
1381062201641330,733227
1380989353390190,1133013
1380583604766050,3023575
1380467580395030,887447
1380459842464180,640081
1380396136386910,1194583
1380307909335140,672316
1380154545048840,678592
1380087523248030,876542
1379923155736070,839939
1379842838257940,1088892
1379726442667450,1577126
1379699185008240,1129727
1379623353462750,918217
1379590332890610,871470
1379548939955090,1499465
1379393284729740,458536
1379319187418990,754721
1379293362716390,1168778
1379135434787090,805916
1379081006230490,1143411
1378980539934740,786289
1378776922057780,703231
1378523516484620,860324
1378512876985360,976151
1378431036962870,1694071
1378377754439030,1307164
1377997515672980,659857
1377980214396860,696326
1377617047068070,943292
1377598274861810,972151
1377525950691200,2436160
1377390100097570,901334
1377220801493180,841115
1377099015965310,776962
1377090366059750,1092548
1377011960498000,1007131
1376630470906380,726642
1376211262472930,1010737
1376156659919400,755104
1376143331301390,637007
1375906540491200,862096
1375891728702140,1529209
1375735706543470,922942
1375487624071470,948896
1375486798710240,836410
1375476940932450,1346618
1375442036868840,804287
1375381812295460,682481
1375337844601240,729264
1375328414399280,829290
1375177749411610,1274628
1375127611021100,1253608
1374897638255090,998187
1374866545132150,866305
1374537184479690,971488
1374297733835490,1344172
1374155198451860,763513
1374023220471740,611853
1373466673440490,606534
1373394902532220,1821030
1373360825137030,1852214
1373158984647470,1830052
1373137923038440,1018508
1373119999246720,698278
1373066232349390,1212161
1372732490184660,669412
1371946690713910,611160
1371820038784500,1262780
1371807255032740,729178
1371742240988910,669877
1371684765517210,799055
1371637564374010,1240508
1371603528828120,1056732
1371454144803980,777525
1371359696732550,773519
1371147148265430,1168257
1370785960427410,747681
1370709034768010,822060
1370593777031910,606624
1370529669322660,1270084
1370339705602590,617176
1370165245786900,939118
1370028072467580,1514012
1369937823410870,832272
1369931421220600,768640
1369637537713690,936669
1369547880852730,1412555
1369457301451140,885550
1369446284874740,1211287
1369104329588370,843452
1369002560942920,3696166
1368572733328900,682506
1368340544582340,634134
1368055444224820,1286373
1367742969484940,591150
1367544053594250,1343910
1367529627408880,690390
1367526935464120,767821
1367380391873250,518790
1367246730195610,690566
1367000613833930,1060511
1366888613596130,981850
1366710823196830,485629
1366618245913780,668872
1366383709843420,707213
1366369833230510,922766
1366229071913820,900342
1365983771756550,753410
1365930774513300,979682
1365841181358960,668832
1365721625090500,972475
1365658706511380,688153
1365649309472780,1026911
1365638607532500,1477881
1365407678171490,980278
1365390059063270,787052
1365128065966120,919180
1365089806517070,896854
1364940816065850,1269602
1364771359713090,1321457
1364705012955490,1102659
1364632216545300,2061631
1364372291919760,1132206
1364345540278070,604082
1364244566923390,811912
1364003849176370,986746
1363842657877190,653361
1363800561888600,1118685
1363398978147390,613915
1363368282211930,1022227
1363103713300120,841214
1362980939451800,757247
1362954711387850,1040832
1362922212097100,974427
1362917336611000,738488
1362689656949640,670319
1362553600346970,781185
1362538570002720,799565
1362167200104850,1054906
1362091049806600,628713
1362040943634530,563222
1362004090548630,942713
1362003960130720,603750
1361833492597780,860238
1361818666370340,964776
1361689928020910,816385
1361603993886730,1027991
1361385960090460,1117506
1361173762068470,1230485
1361077113092960,1375207
1361000283563100,546416
1360941679397490,1099322
1360927697497970,1014505
1360926195531300,681061
1360830683804530,1042446
1360788953447300,1589603
1360441835412300,1008147
1360382564724930,768040
1360315666565580,765624
1360271095348610,701698
1360133241073110,1087108
1359975341398120,1486671
1359682234311710,883332
1359549491570610,922529
1359357840982400,1274289
1359299373943140,2791230
1359190610639960,907296
1359142955074830,784439
1358905874332340,1300300
1358898183794340,1335930
1358874318376540,1593992
1358716508844490,662223
1358672885489140,627851
1358634681607360,682631
1358158991234670,740656
1358059692811740,1351620
1358048677746110,757232
1357551857152040,712025
1357420513753210,737218
1356949297177670,1215801
1356895576672550,1037038
1356570260111340,874404
1356500778045750,691528
1356454800382880,809258
1356372659628400,1176841
1355823783267900,643530
1355789234029380,718439
1355730079030230,877175
1355706770457120,957719
1355499434502050,1161053
1355396006400890,953974
1355153749358070,1430152
1355114867965240,984639
1355062347131650,864068
1354991873629070,964796
1354960984805400,905461
1354921547483980,603695
1354536514763120,722212
1354236987325080,680944
1353748188631770,1177139
1353503655448620,905870
1353370360817940,944214
1353367959911570,753707
1353340820699390,705113
1353152094032550,915185
1353038678804600,650127
1353007234545280,944257
1352925762682400,1582869
1352878613504180,723111
1352840917576710,1952400
1352707920010770,1127433
1352516332522540,1425987
1352333483601670,614512
1352243275141720,673463
1352029879298950,695127
1351885402511460,897413
1351883092460050,1268764
1351805092826840,730851
1351795071377910,1126230
1351779026969100,956342
1351749019694390,600482
1351731737488560,1221683
1351451219755180,808669
1351391279704460,1054681
1351077761897360,1169696
1350356903908560,1230948
1350311979521370,639964
1350267737823400,1034818
1350222823258810,1019286
1350106508192890,1136293
1350014062491210,1154471
1349985621717010,560481
1349724387214580,751756
1349591251932820,726563
1349567541632550,1048268
1349556168184870,1498846
1349522902660970,666240
1348959079030270,787754
1348602685681940,1077018
1348574245556990,1408648
1348493932475220,916583
1348458526765960,1442867
1348411516145750,643449
1348403040345020,1258486
1348352118665610,768873
1348188789877070,982551
1348185453118540,734878
1348179542830270,946467
1348117629440400,703997
1348102341046180,1193393
1347475061782210,1532951
1347348117305650,670904
1347306393436900,778005
1347068398075200,1540289
1347053236789290,1934102
1347011831492730,2662736
1346994943828430,1037195
1346829638154040,757739
1346585897996410,791441
1346584457665670,696674
1346270350904260,1652802
1346116739538730,1054298
1345971699581890,1295730
1345627269265390,1195748
1345582300398940,645804
1344889723245800,749680
1344683659018530,1323394
1344674571782110,1727138
1344622368348130,1006027
1344576390128030,1554611
1344564000831850,714057
1344492168216200,908635
1344305656598220,1019848
1344274897617810,934526
1344189239666170,778882
1343931660855540,691138
1343819744320640,1207193
1343287894200880,983341
1343252331678390,1049850
1343074038624490,1406567
1342971686409470,839029
1342830849193870,1087440
1342809188472700,1823809
1342342603272490,665587
1342260152842730,725796
1342220037114180,1420971
1342209300371870,909342
1342001207305890,965615
1341998542850450,598053
1341621152806630,938873
1341460150613400,879930
1341281376076040,739639
1341031929957710,726784
1340995957150600,975116
1340745704181180,675410
1340727793331110,941458
1340707689077530,1756373
1340680368322680,548407
1340634914545360,1402774
1340632719992490,1465116
1340555350794640,714262
1339963550150970,1258729
1339443900797130,1108023
1339441574753940,1116204
1339168064813920,1335399
1339117227868170,1108234
1338950639063180,1484650
1338789996889690,1162173
1338554223293960,995135
1338339275037380,807033
1338105820033960,575721
1338102007248320,634506
1338036544891100,967162
1337792638933000,644425
1337751009800780,826591
1337649110792280,1017361
1337646017918690,865389
1337256556665740,1127762
1337235029658370,790095
1336991362067310,1091953
1336917655004430,677433
1336654576297100,1131369
1336346897927010,924927
1336287156047060,1004555
1336235347581190,1071375
1336172047624240,729498
1335709933839080,863575
1335681489874970,1007827
1335316522206410,873663
1335241486916420,1377344
1334963510991480,838138
1334895919724010,674314
1334637646031370,830826
1334543433737610,641359
1334541377125050,1063074
1334507557899910,652812
1334466793372060,571056
1334462326661170,610464
1334286608688230,1594762
1334154133262320,1221006
1334122173773650,915589
1333991241795520,964888
1333841223230610,835816
1333757340703340,1077719
1333730517934670,883819
1333696645067600,740966
1333615347764200,1152832
1333407757002550,667971
1333357000784070,595255
1333311142921800,1132906
1332989914597440,763037
1332916155282750,878056
1332848404577520,981330
1332833732754210,2221079
1332709236419360,820484
1332551992423600,914743
1332404507008460,2262523
1331895839010830,1327370
1331706604096500,1047344
1331645043594490,702976
1331598012803250,1177226
1331598009626310,1557389
1331320445948600,828569
1331258856345470,851732
1331080995547930,576024
1331026899555380,716512
1331023126151000,1040540
1331009693405710,998493
1330965486076540,993194
1330931678269390,788579
1330444577737150,604818
1330279673992430,1437852
1330085839083990,660519
1330021945137190,1041141
1329920326658540,802715
1329824059432680,633095
1329503944511370,1088536
1329375723111140,1118912
1329108168894470,707760
1328369596745190,839181
1328257687578590,580484
1328176042719550,1208807
1328117228499470,998919
1327985146634390,965527
1327862811175510,1055733
1327796062765930,972470
1327404861310270,837862
1327345138473140,1130202
1327301179937760,844547
1327240371680750,1448054
1327059484533000,818337
1326918550850400,2306271
1326902896755520,844019
1326781193493990,836860
1326646904271820,929380
1326463468093800,855577
1326312303021440,824078
1326193668530890,1196202
1325866621199780,1117993
1325810646904940,899438
1325620661837580,622729
1325565797239570,3035809
1325423041178310,1146741
1325376279249180,731273
1325207561572760,526209
1325206711317970,1360587
1325061034664990,1466907
1324757334729700,1142414
1324533834076610,808451
1324434206576620,1345291
1323886791419810,846287
1323774100249120,1061885
1323585163811730,1138586
1323564410696210,783499
1323319279566580,1086236
1323256255190130,872438
1323169533956920,1081584
1323160344298170,1043859
1323076738032940,907999
1322753115520820,781952
1322591329168230,1119281
1322590464428810,912475
1322539907934000,888630
1322455633361580,1189951
1322244252331220,2863668
1322030763661210,1381452
1321822575162290,710292
1321783738670940,706077
1321543493190760,1027033
1321250028935010,603178
1321099069989250,6945352
1321043799275780,1664528
1320971717635770,1001690
1320862067087030,636879
1320848079620810,1693957
1320841002084830,1937907
1320670208232280,976904
1320634483403610,1290313
1320628684912530,723157
1320424845385830,694606
1320318676526620,871254
1320278343269000,900142
1320209587663320,804050
1319971450015150,1050707
1319861179910870,767330
1319832431302070,872030
1319679454717330,762090
1319660380910970,608851
1319600590286590,611913
1319491094805300,1225430
1318956677774120,983228
1318683479812970,1038974
1318658033858960,1377141
1318490590069030,695447
1318233983200930,1297805
1318146175172890,964215
1318098107969290,1390649
1318034825083090,1662731
1317925029773240,714902
1317466832014430,954081
1317433855557690,825834
1317204149793970,934428
1317182682935250,825729
1316855173844150,694370
1316475932260690,770669
1316441820722180,680668
1316360959970470,606870
1316333929533110,770011
1316214799943230,951715
1316204502141330,1334712
1316053384161000,564707
1316050288392790,674022
1315716422843180,1068952
1315708147161840,786655
1315511240443260,1098818
1315329550359720,504987
1314959670985160,854023
1314614275996130,823757
1314450369210760,764668
1314408978786860,1737060
1314079186451460,778641
1313957500250840,1108235
1313943161158680,1453257
1313871586077170,905888
1313753692530970,1266810
1313642564770340,862875
1313330442959450,710599
1312774924842140,936245
1312611189176360,593792
1312436501260910,652394
1312294036129010,796071
1312138211078770,629795
1312120682544960,937819
1312103399595880,1412008
1311300974355720,790556
1311280553639000,727443
1311099612561030,614187
1311098934567490,487855
1310950985502820,842628
1310823273992160,775249
1310774455471030,1183489
1310769276123470,806360
1310442572445400,892571
1310265625055520,715004
1310131932443490,907212
1310064381871160,698307
1310057941666000,897740
1309510257148180,982395
1309466772305710,689861
1309444118023280,1219306
1308997680805440,692864
1308906771398390,584628
1308783003426780,1016749
1308518315141100,1144172
1308469686034730,1353621
1308296198143270,1070850
1308115797722840,870782
1307916028085470,1380611
1307899387247830,1117924
1307818831690970,1057203
1307756819339560,761530
1307304990347480,1217620
1307216679240270,905218
1306979105985030,1028458
1306948828213190,802732
1306697728340410,721167
1306561814429090,1149687
1306531086243240,951854
1306500475465540,801862
1306475276413930,828156
1306438057834160,678128
1306403315761080,2454396
1306228441287900,638280
1306220520369010,1030322
1306054626901130,1308713
1305993755521040,618107
1305686425758230,1279476
1305596099265370,792194
1305321836790590,651598
1305284314136360,1305854
1305108242593040,1369387
1304970343343980,792618
1304888493852710,917504
1304771654929480,1535064
1304683711302980,656131
1304412394072250,1105005
1304318149152880,701498
1303868974482750,960462
1303868957874000,929367
1303595206793530,566748
1303450682522080,994538
1303431203714270,596575
1303295824604610,1002735
1303114699076920,801248
1302874037528000,962805
1302713613069160,930798
1302593665162420,1104368
1302574796724410,1245270
1302408800035630,1083097
1302323412796660,933071
1302310032059130,612068
1302290666069920,982594
1302244646336160,2677219
1302101981466110,1275486
1302086374495390,802774
1302076954083630,1090687
1302039252374250,510910
1302033377910790,1337384
1302030335012130,1442488
1302005166098680,657674
1301594196857400,1087797
1301521479887340,900051
1301427987152470,884444
1301376957132710,672526
1301049059166780,999054
1300804012693270,1097290
1300698086045560,1417482
1300661446166440,740974
1300337306978750,1514633
1300121792931450,1396454
1300099077444010,673061
1299761537290590,1147375
1299365952171630,696650
1299344167433160,1233025
1299217861241700,1152009
1299203282665700,880601
1299088063149060,980869
1299068126121360,683630
1298904911386430,723542
1298811039113550,1125608
1298632325692470,1261244
1298466554483250,1715405
1298137464062760,749807
1297949215596860,918898
1297842753189850,813867
1297827706085540,1698325
1297682479382150,701085
1297587954402310,581461
1296467858995990,773818
1296440431551260,649198
1296209242783980,1210503
1296018614833140,848827
1295875344048290,887374
1295802815749640,1491413
1295726829811620,1656298
1295440533039210,11031299
1295405177062110,832953
1295292152399230,623710
1295022249482080,833044
1294906021587140,542060
1294849764591320,496334
1294768735661550,742134
1294698186622250,581284
1294314309519650,1399999
1294263176639830,657854
1293687817613480,686492
1293553618351070,1062947
1293486630599490,1232077
1293344852212460,1377924
1293327709624420,1032801
1293098059288140,663576
1292643264304200,815061
1292577940623190,604444
1292568649768250,1138584
1292306860096590,832011
1292239132224190,509657
1291684922726470,1165442
1291493422094490,837931
1291331120823130,1224444
1291199629558550,1306182
1291143163880920,899047
1290977907197440,740246
1290820804826880,701642
1290667280483910,945395
1290539538343550,677778
1290292293477460,1667631
1290255973432510,1180463
1289878474909180,1099042
1289571460423960,879805
1289447171828960,776357
1289238094800150,825952
1289025973816960,1658275
1288998954695260,1830860
1288978576968190,778633
1288690690390430,1107922
1288616614141750,671128
1288421168050860,778961
1288404884510500,1414870
1288147838933560,1122475
1288141636086480,561861
1288050770954090,907994
1288046068074830,841567
1288025821847800,1044847
1287903507458120,767200
1287750117357180,973842
1287689963891230,1507967
1287667775108400,777273
1287626435186250,649386
1287545085267020,868417
1287543863530540,727615
1287461866943410,677462
1287190754474180,876233
1287113672175630,547424
1287105334074480,657326
1286939732957120,1118649
1286927185732170,928617
1286882928590390,1204474
1286741899245300,1198428
1286630323594090,1194069
1286454713662150,693696
1286416349196160,1217150
1286399321419420,913110
1286227677724230,829731
1286204399694150,570785
1286189086441310,698208
1285799563553820,708501
1285640738219590,885206
1285501421969690,2394621
1285304784817400,907677
1285180028079850,1050476
1285122685923890,1074703
1284446754082080,1023607
1284431363738170,658729
1284225957919730,718855
1284189952973290,1457243
1284020996199970,497181
1283903384203370,895171
1283804303535880,1451357
1283742258190290,1093293
1283355837503990,1066235
1283277463007750,2441457
1283259208888970,824435
1283163602291200,1233584
1282992416338940,2960109
1282868794546220,784901
1282848791277860,1169835
1282758743403180,812108
1282720619258170,1048671
1282580939532740,1353522
1282410095210030,1179447
1282206199510040,670544
1282065024965420,1140306
1281867110028730,2186953
1281812493311800,806279
1281578051252040,1113937
1281498051178400,936970
1281167811315980,700055
1280704604176640,1008165
1280598308109750,683856
1280212334217180,1740083
1280202519279200,1154034
1280168571145060,635876
1279821014340940,888673
1279587270596360,1287322
1279532683400120,1036115
1279285678694010,777580
1279179440042960,1101621
1279168596903920,696456
1279154421368050,721557
1279131962643480,1335269
1278790929475420,1095152
1278776258449530,569983
1278706499412890,872466
1278685352598150,877626
1278627628417660,1470399
1278493381465110,1930420
1278426075756370,1415922
1278320552525100,1393103
1277572831139050,1114222
1277482434228680,556937
1277468421200700,720928
1277220461676680,800021
1276952279934830,697745
1276935853906770,665477
1276558819231100,1057609
1276558253305650,1617842
1276365628768300,713848
1276325599279810,633633
1276322329366480,1084919
1276272073723170,789127
1276261495483650,1047229
1276219244821860,702103
1276217553977930,991848
1276168112468550,734380
1276160063887460,614890
1276143807940610,747974
1276040970779350,591620
1276007302405440,739814
1275880631214740,1516857
1275853063003290,818309
1275725020819000,1044053
1275646083290090,862527
1275606122037110,901804
1275512006945300,975976
1275509166631330,1001577
1275458247851870,496673
1275337341737360,732152
1275269810095900,1151905
1275264722376540,845600
1275173351613000,766542
1275113622060010,2128612
1275023664677040,573621
1274931320074450,1948823
1274741465731000,1551898
1274564181990120,827644
1274561138594660,862519
1274538434255590,943788
1274406932754550,869048
1274345173238420,1047678
1274119246442910,901358
1274118522858810,888274
1273986869129640,767558
1273882113540060,1127928
1273534494844070,1237629
1273463866315780,691370
1272854430742910,1366087
1272709449879540,759793
1272707893286170,1471011
1272670685766500,966483
1272652430452120,1303184
1272206280859480,691576
1272110688940810,806022
1272082871694130,521167
1272071813924830,1080325
1271905409765910,800735
1271605394479370,683153
1271532207229060,866482
1271455559920390,754006
1271434380939860,1106988
1270847335328070,674257
1270720850964720,789715
1270610507885670,862594
1270261337053080,1130136
1270054986486790,597984
1270004107411960,1605440
1270001701395180,1690783
1269911868940190,965828
1269896971736220,554705
1269733571869970,638312
1269611402739490,1076803
1269582516552010,1348839
1269426641378230,1146402
1269109704449030,935317
1269038496489720,690270
1268863554954610,832176
1268751577206800,1987147
1268529845756220,1257999
1268304584513940,721657
1268283718959330,825207
1268137293384590,739762
1267692446711770,503066
1267585420014490,669427
1267557488403360,924262
1267539115427450,1040917
1267511791148000,2093206
1267505866925010,985909
1267500846066490,1065670
1267449519722890,885687
1267388118894780,936897
1267306196842110,796087
1267272050599320,1243727
1267239828594250,792071
1267224841360310,1156094
1267163405645860,1549073
1266727563642360,1968173
1266580268265980,722380
1266574066108420,740952
1266457268703890,1214898
1266449835267550,689498
1266258708122350,549212
1265891935949380,1372315
1265671336780930,1570511
1265671045081080,610576
1265626943389660,697521
1265386733763790,1005467
1265281614923130,554172
1265275706263480,966314
1265210232678890,691759
1264626390331290,749972
1264548887628320,990376
1264414329395780,1020792
1264207663190130,656923
1263855926754240,808984
1263851802826610,704457
1263828348085880,616022
1263654690776280,1655815
1263593244513160,740517
1263554290867670,2670222
1263366657415390,987794
1263299755188260,645801
1263117468098350,812825
1262710519725470,1144657
1262571816088810,605385
1262506163371030,1114944
1262184899185130,796211
1262123413886850,780398
1262094046380840,681567
1262004988126080,1052425
1261876844667280,614428
1261606915543080,618608
1261496044161040,1175777
1261470167313900,1354063
1261468815129030,966120
1261360063933220,659212
1261350517978050,578667
1261258801486380,1277714
1261230492268280,1139560
1261090932142850,1264744
1260958214703140,1266665
1260920298226200,851409
1260897764840980,800031
1260795931302880,738542
1260613902617280,696184
1260466117198550,652808
1260460846799950,985746
1260413798053370,734968
1260245569655920,683100
1259725573830470,785958
1259697389129510,986674
1259632354189470,1357343
1259506574828850,691954
1259367506572010,670971
1259340703673940,1831105
1259172576351300,1276318
1259106048295630,784131
1259084717255170,1067259
1258961835808780,2938182
1258750696537330,2218254
1258591689041270,592741
1258300730206830,754890
1258248650860740,1471710
1258109887136550,847305
1258017965335970,1182985
1257957293233170,675905
1257903108624050,848931
1257798861637380,1103634
1257739901068850,592227
1257552036009660,1798717
1257146305137410,1212104
1257091124280680,690789
1256733234962660,1373271
1256660591176340,764716
1256609354152510,1148110
1256560233646770,949372
1256421121188480,887429
1256185495704680,1175811
1256122654236700,1178287
1256087538806810,922768
1255924337898550,881079
1255875993502730,1020919
1255710453081330,729673
1255649390301850,551004
1255548882710600,814860
1255221086773530,688382
1255217059772700,1014252
1255178954936900,1132704
1255136725542160,1504823
1255118764765800,915537
1255070713927650,1228735
1254986427371670,666710
1254926783631680,902555
1254864805051070,1170248
1254793120215140,890163
1254703719530320,899250
1254523915856620,817088
1254488846160710,1266255
1254469766111990,705913
1254209578087890,766790
1254192574557690,872188
1253945747221070,774816
1253719872921230,835421
1253695715106750,811218
1253675362539360,911758
1253378776170380,1231619
1253329377646660,727376
1253099572821450,656787
1253090604575790,762102
1253043725030680,618431
1253024503090770,682658
1252808466004500,1146620
1252772871555560,1193716
1252765350916210,992415
1252752223476600,893735
1252752074486550,830666
1252536174293370,1674215
1252517441849200,679373
1252379697424850,915185
1252230194254440,788007
1251991178524700,976930
1251945766415630,6670070
1251901013337000,894186
1251732228600840,572545
1251720457968150,1278690
1251709010134630,938069
1251609799151700,689857
1251577088445260,492500
1251458759738200,1185884
1251310173551210,707244
1251287162521250,612949
1251182899277350,1127607
1251098731898200,755466
1251035493814590,904011
1250998367739200,1212114
1250931712816460,812835
1250408212071450,2428580
1250231280757760,1285075
1250182992147410,484332
1250128074938630,2264882
1250018727973820,664657
1249961996813560,624051
1249829293692350,661094
1249821734312900,1045695
1249693338817780,981341
1249672068655060,1595615
1249551176393250,1418457
1249434602397910,752088
1249110923374560,1384751
1249109083093900,1467011
1249090884153150,758383
1249089097422420,967896
1249062765748400,593636
1248961883762630,537465
1248917775712140,985996
1248856252096920,1370082
1248803649783470,825889
1248633022297440,888197
1248593441974710,1352088
1248485168113870,824480
1248475959267790,2275344
1248425479435670,747867
1248249373259530,793736
1248183055891950,1129758
1248054932057020,775753
1248027390180880,1239400
1247876275215130,839760
1247659647636730,774697
1247611791158930,1093050
1247073594347600,471325
1247069447618730,955600
1246998834747800,1470078
1246922909156500,958849
1246889268806460,1327851
1246877901357480,1497437
1246658112911900,559096
1246514269698350,1256239
1246249558328250,593373
1246229944176380,719305
1246226104546440,917432
1246200862911470,841685
1246167197732630,802865
1246165533712630,1179183
1245894088992980,632333
1245510145342380,991263
1245373770673540,1538138
1245364157017110,883630
1245245495332760,1558927
1245021822078190,744569
1245020678663780,910586
1244827615187110,791482
1244181243668130,1029350
1243824653161810,734831
1243804099349890,873682
1243724711503130,831825
1243493449685810,1109728
1243437616899620,697259
1243212432684860,1443413
1243174839405300,644961
1243059156482130,575960
1243000791657950,1028575
1242910530695850,886143
1242689030384670,814917
1242462388346860,1115104
1242339399078140,1060687
1242231291397060,1436786
1242177484029610,1262406
1242092102393690,870530
1242072810938470,676296
1242041548817110,1142137
1241657559679700,1038896
1241558346233100,706523
1241367257192970,1096241
1241186103225710,593845
1240758039828270,550191
1240509436303670,882390
1240497193221130,671305
1240270979497560,589984
1240163026486060,1103946
1240098129727340,725714
1240087406763300,924254
1240072584923600,1375779
1240012351482740,1014437
1239837108498170,1097898
1239724830859020,643490
1239622689008190,1390890
1239516182104380,693267
1239350273318030,1631957
1239173336748270,630394
1238999116640310,1736935
1238684683104080,1463445
1238674471840100,1054777
1238591629916560,942860
1238588163608640,871392
1238583265450370,666548
1238298014548150,862960
1238276557169640,1163357
1238242781345870,717172
1237961583176020,614491
1237935703622370,771462
1237899466349880,639983
1237780412347190,944337
1237329476832380,548843
1237314353147700,1150840
1237246061874530,1215252
1237002485121610,687426
1236961008311090,1134441
1236960778320070,2399638
1236678403623380,707298
1236531722920350,1308760
1236447811185130,670350
1236396130501920,830087
1236228552511590,1112323
1235888826954830,957391
1235778942979600,777917
1235768081777500,1138510
1235699091654390,792307
1235518634880980,1126692
1235366571370050,916352
1235332874438190,550315
1235057593911450,1070832
1234971947412240,1003679
1234943314169500,1302028
1234942312989270,763038
1234934608337730,926749
1234752999038460,887879
1234726650893980,866757
1234502522832130,470768
1234021159718520,827808
1233894030358980,879891
1233785851891010,1914497
1233746964548340,617618
1233462495294020,1548415
1233451747131460,731723
1233403021425760,729335
1233274661790130,612109
1233258088388200,641675
1232872196005080,704395
1232851359365200,1425029
1232745731530150,1230218
1232511150597450,799555
1232111134636220,623925
1231943224471380,1165814
1231913350329080,1076456
1231904341499040,721090
1231871090135970,1243492
1231638858682520,1026658
1231592079328340,967346
1231396642995060,1129244
1231316408620340,758916
1231022833901030,796972
1230905983985740,669853
1230866456100880,630305
1230850697397520,1719561
1230689114272310,4589446
1230471811817420,750122
1230433595193170,1193002
1230391834144650,1502902
1230133670016010,1174060
1230098907451240,1157002
1229956132674420,1167235
1229920189103310,715882
1229831493150230,584226
1229647707243770,793240
1229129414302690,911164
1228861313253380,590919
1228583558449870,902979
1228515102153960,736802
1228460314171480,1252443
1228419990539770,1672014
1228260391882000,1601285
1227923016380560,999441
1227853365705830,1452589
1227750723070140,1420923
1227709280230990,606821
1227690800227410,778858
1227502608750130,1376107
1227415543189980,1064458
1227326960164530,1427978
1227155397266850,869913
1227106672029590,782521
1226866897087930,680530
1226369090627000,1012720
1225610311615590,1463007
1225594803527930,1229009
1225472827028500,737894
1225423466317170,723362
1225412920283860,605772
1225330397508520,1278279
1225162736811770,1562177
1225122120238900,582791
1224997916796440,1175826
1224590770367120,845141
1224589011492520,987460
1224511692997440,634609
1224115213602550,847041
1224056427692770,1008323
1223915783759150,763343
1223910263813860,889944
1223893064943820,1161342
1223721313945290,891645
1223619808928290,946372
1223491068005700,694316
1223457364364070,986784
1223424050631120,478059
1223368323874080,1226618
1223279364987810,1048705
1223114082428710,869774
1222996938356570,1405442
1222981744690050,821858
1222787257675500,1042318
1222720989776010,906351
1222712662055810,1650708
1222653520601380,713595
1222539385636570,997875
1222494388951270,1337903
1222392152682410,817717
1222381757574850,514645
1222375925712870,3026109
1222249048890570,934036
1222232742398410,1006655
1222175122215320,1697963
1222070761089170,828529
1221662732372440,701165
1221173335505440,976844
1220894860981900,588300
1220842271825750,693258
1220818579870690,826336
1220809836888960,958737
1220801865437280,1060701
1220751573189590,783590
1220744024414060,568523
1220709201366000,1099877
1220668015635140,1336706
1220643569016010,638662
1220498262018420,1129313
1220480887047390,945206
1220194847181140,899705
1219671270854830,718300
1219533741424550,788194
1219450085403600,858966
1218977405436040,568008
1218921999140390,764842
1218793040869250,766478
1218681398043480,699193
1218570215237080,698709
1218385550644170,1065562
1218184385966120,1009376
1218036426669430,1323979
1217921044161400,973135
1217920576560950,963137
1217600350450590,1082347
1217209228289880,1132442
1217076780057910,990430
1217069873671310,663534
1217006030569180,917594
1216968758247150,1403628
1216805907067460,900349
1216768826669280,716601
1216748097206180,705627
1216662722919110,639525
1216454445991180,603720
1216329404474550,14013674
1216236802143640,1216723
1216234727921990,1255599
1216183799576680,9075242
1216081290323150,1125889
1216074309567200,1082315
1216027029212620,1884623
1215784347637030,685125
1215695756699800,596256
1215692861914520,842582
1215663048177710,1360157
1215615264293780,758409
1215448351602360,1145845
1215401136237270,689297
1215389081338580,1297009
1215159418856850,1029659
1215137296541020,831071
1214880398907610,1426941
1214754507547270,642334
1214736939655110,873965
1214637448163880,734717
1214610095802660,935652
1214424695282500,1760996
1214193683290580,1126235
1214161849384880,964879
1214069289739350,1247025
1213822618535090,647032
1213331609284670,2280999
1213271584230120,497875
1213164370793150,757786
1213040491670990,1158487
1213003341635710,725606
1212940504741160,897444
1212838842555190,741999
1212535240765700,952554
1212467182453730,860164
1212046192193470,649087
1211930596870340,957190
1211863240998480,1291906
1211863002886110,1141720
1211639705898690,786705
1211446762279560,999199
1211432448404110,1004805
1211421312241890,709675
1211321764735720,1307266
1211196735669590,685213
1211116711716690,480515
1211018520180100,651292
1211000029624790,753215
1210720771693870,1229612
1210550937246690,1094497
1210498894800940,692108
1210228420785750,746249
1210137985932770,1531861
1209890472395350,867494
1209820547741140,875924
1209684265774250,904499
1209679493994570,646484
1209661126571910,1605517
1209616416217260,8894376
1209367639082550,723308
1209326357226720,948721
1209248964117620,1192133
1209145039742360,644034
1209019731367390,26984852
1208971531328600,1295081
1208934136634750,778839
1208892758629290,770234
1208794244331920,1442355
1208694342123770,1834059
1208632000514810,695984
1208470292384930,549997
1208168920186130,1223097
1207955475542750,1017007
1207936334592020,891684
1207785242875830,930541
1207664357338210,747326
1207619152451070,817486
1207606046837890,999158
1207537564982400,935159
1207326425075480,788943
1207292212693700,867999
1207070289993940,742169
1206880768273980,1510549
1206748715081800,1016614
1206560568961310,531242
1206541724103350,510811
1206503374267310,976684
1205803132430050,1251499
1205713915657870,1013294
1205713898059860,1541869
1205569412746460,721202
1205442975767880,1592157
1205282813721370,844579
1205144772775820,959047
1205111732791180,1215905
1205043288904880,1139220
1204954038217400,945425
1204935865855360,1899769
1204919333335510,732889
1204883898270770,1361522
1204515653654350,1204962
1204432185064010,962753
1204207023873430,1691450
1203574683493950,1007511
1203495020843390,696170
1203308767929330,857452
1203275566625380,792115
1202956000937820,1232952
1202876756308250,797691
1202809921536340,949360
1202809476696770,905170
1202798371399710,938348
1202569282741240,1289481
1202510334732830,1084952
1202357079342520,1587197
1202265815740910,707582
1202240613719010,1153757
1201828444358120,926835
1201715495141220,813385
1201677338852380,1045747
1201466055456230,665688
1201444948015880,597193
1201229603699230,936385
1201205581628340,927519
1201012878057980,928791
1200988355103480,749513
1200794682096570,851340
1200769499656690,773550
1200473974317580,660129
1199953574278550,949144
1199945605124790,1688621
1199885619755900,1260379
1199748975361930,1270166
1199703118684010,628199
1199659856194740,1383505
1199482163548450,1110000
1199418159715710,805173
1199134032006980,603434
1199025298704840,1557806
1198002903000450,967150
1197897754167790,853494
1197758788934460,587894
1197578071013640,866801
1197429699019580,742052
1197105444747530,622034
1196984947971160,1231396
1196922315223450,983556
1196688207856390,889027
1196351548671380,628452
1196333598620510,671764
1196314656308610,909733
1196274028797810,799339
1196040197226830,1114956
1195868791497380,652137
1195752080426370,1328241
1195665141079730,765443
1195369634668550,1014789
1195328243146200,1393430
1195068060535190,543117
1195006997356520,670128
1194949779393140,1139035
1194933484174740,748149
1194822672437110,1254019
1194450956147030,726223
1194379319412640,975469
1194063204824960,520128
1194014675273220,890663
1193858605494130,1217800
1193683293547940,977999
1193421436227660,656471
1193276560993620,636036
1193240218312610,1220414
1193030073610180,1719418
1192879094270460,1362911
1192604502851740,953741
1192230174134390,1021464
1192084258642200,1149768
1192024783547260,1555357
1191907454410120,1005019
1191892377005840,584998
1191863146392490,1497486
1191474853395910,1078145
1191229268850600,871628
1190907531763970,1424299
1190868107810160,611570
1190768201451220,1223562
1190704112934330,1123262
1190522921050500,497193
1190460930929320,798750
1190453232623780,982569
1190448471434570,689154
1190280051390900,945469
1190210940003820,706664
1190118661561260,1986403
1189841164190990,728959
1189500320223780,1021477
1189483345264380,591696
1189294542455300,583317
1188999662003500,948971
1188887482291750,494792
1188759919080720,718667
1188715178495340,948246
1188425988415470,1324440
1188286630736570,673796
1188147052705370,604453
1187795242837530,1178289
1187759087944750,1170981
1187432973599320,1424539
1187352256219840,1113187
1187333710394550,660477
1187328526287080,890547
1187314863304090,770440
1187213831173080,670892
1187106602172900,576113
1186824799103630,815718
1186348429787850,768042
1186333516207380,1499435
1186279926360540,1086872
1185972980699810,1252525
1185824244678210,1342326
1185815523119010,657991
1185634987814280,679309
1185631856418660,782811
1184864808307570,1515890
1184851731262100,1016626
1184826278533500,1533906
1184808569874100,1207754
1184804230459430,1259836
1184412591252600,697163
1184382914713940,1049993
1184312903749630,625859
1184250673463210,544481
1184178075560730,1102003
1184041671215510,988585
1183931367569890,1183892
1183742973978350,952106
1183029413944780,848896
1182801957525310,1020772
1182793266909170,797794
1182731436234680,742367
1182655448680280,680061
1182645239723080,666591
1182582211585450,932454
1182501533718140,739500
1182485702473660,749529
1182480545900650,856009
1182253454827040,936562
1182237780289010,820647
1182117999131100,831466
1182098755929480,2223288
1181668936942000,736972
1181642722387240,739273
1181384151815130,624505
1181140988758110,756383
1181028583377630,1083699
1180966558369330,1024408
1180948744453910,817987
1180944569032220,1223443
1180858527253190,1066034
1180834078214700,629320
1180809854469040,1077438
1180758155240780,454171
1180748808540390,1397811
1180559643216680,1294610
1180505292790830,1040551
1180353270008920,648268
1179835432717750,751981
1179733356628520,733441
1179157994281980,949597
1179113284406420,1051025
1179085736823240,554352
1178963233793300,2079676
1178691017183340,493301
1178624190979270,9258570
1178469149874440,1064794
1178463491110780,1234148
1178423773431840,1198491
1178319118347080,1403358
1178260773775780,597157
1177972641326870,935207
1177866874394050,1063317
1177803689411550,537932
1177539085297210,4381994
1177355695529740,501350
1177238727236030,1028247
1177191170574460,1127522
1177172794493850,940742
1177172170267560,897726
1177108426258750,828117
1177048807000060,657394
1176809985284660,1175687
1176795382340380,1035126
1176655495724580,1066101
1176459141422500,1038704
1176447467855820,1180590
1176213752937000,790841
1176188057598750,855798
1175708906310540,810283
1175587796368990,1569921
1175535273901520,1550831
1175455268542940,855078
1175388685861590,843969
1175382222313290,599698
1175379565781120,1149235
1175193896345190,697489
1174871893498100,526350
1174733556878730,1126517
1174307759501130,998045
1174209377231650,829198
1174153408756700,492500
1174051184831710,1848595
1173986957344090,1124121
1173984475791950,1258471
1173912176543370,1195818
1173884589917730,638053
1173824486934750,1118185
1173815834546090,652747
1173713678862880,945474
1173689968758780,1316511
1173104920644870,630491
1172814414776440,561772
1172783868400900,1039849
1172775663990760,1212711
1172676624842040,1010166
1172665078822820,774480
1172651295881490,821950
1172623486656320,797246
1172418823136370,987672
1172398404989880,995162
1172064650697250,871751
1172004565057150,1371223
1171991202503580,2172991
1171953566354090,764734
1171592281366240,715650
1171261364588390,606830
1171212504592390,3946478
1171196445400620,1120673
1171054073145870,959400
1170709984222040,524776
1170514467610690,807657
1170314630495050,1125079
1170284325114470,1420757
1170187093357840,933308
1170011558537910,959926
1169481406842520,1133496
1169385394780910,1422871
1169247534804180,1067638
1169127034683970,835584
1168895275488330,726089
1168889687086420,1189457
1168849562919090,1084440
1168753799581020,1265769
1168712975165490,817035
1168712367728720,944226
1168660257566940,1026451
1168416018704330,1150893
1167935571125260,1108959
1167921632202690,942751
1167891127822960,787224
1167827749352000,1526603
1167794190554970,1116355
1167789131408470,1306185
1167750284214370,688150
1167701306807380,972007
1167639815695750,693833
1167605462643530,906679
1167582331134560,616618
1167582224986520,5609895
1167575985696220,793565
1167499596694430,1015322
1167373565286260,1257067
1167342818314650,985846
1167329175352470,1629517
1167303710365640,632760
1167233188871540,1237708
1167141278690030,787642
1167043325159140,977801
1166926213876330,1093845
1166860355611560,901408
1166563928277570,1042406
1166414797038740,696889
1166388394312250,637319
1165823571285050,1007806
1165721166832710,729040
1165679776557290,760153
1165279124870700,1189571
1165267944785560,944432
1165150823739400,716329
1165045433443440,806702
1164946978812160,1273891
1164915560644660,1582741
1164881024329390,880523
1164879845285260,1242828
1164510717590500,1016198
1164415975741720,1053572
1164413508749480,1928173
1164178144076760,1008663
1163997269515210,1047947
1163920698512140,538825
1163742402530920,1148949
1163316425794410,843734
1163201582632850,948085
1163062100413450,1095846
1163029479731780,927355
1162813030916590,727539
1162732410077580,1146230
1162581085650510,1092502
1162516138447900,1124143
1162368805940210,754761
1162276445184860,877089
1162223707791040,773504
1161940100308790,777774
1161933842012960,711043
1161546701734140,547757
1161052047387350,649523
1160982559364070,1327238
1160921596078090,1550702
1160905288780420,875766
1160826286004170,1157104
1160687441392670,764451
1160317069973380,699405
1160212554638100,1646442
1160110027213780,1118337
1160077429388450,573211
1160013924946760,799826
1159917302645710,1099554
1159793827498350,2193046
1159757117520460,900438
1159720375076730,1606285
1159673490561080,980924
1159497774417970,716456
1159261433090930,892085
1159122385217290,634861
1158920169021460,561189
1158904753473030,774347
1158703560799890,741382
1158679163618880,683012
1158570359672290,1355949
1158450869379530,785587
1158413559797550,1701179
1158377897889130,1318768
1158358134993860,1035590
1158266460394250,922524
1158083689533700,1053992
1158005025988830,743705
1157867789560360,2319236
1157594060880660,976653
1157514776717780,746656
1157301718216160,911479
1157297547473720,709991
1157239174142130,634950
1157131347348810,627268
1157127251826180,1101357
1156972978252270,949081
1156840950216620,1006722
1156794289398600,804004
1156745900282480,760069
1156705308411930,1140578
1156566802748140,873010
1156534582260260,954052
1156325729733090,1746946
1156236600941260,645021
1155958902219100,909916
1155749224977670,1317692
1155746239766830,881362
1155716906017080,987331
1155667308165150,1407890
1155620976124360,655628
1155479398586320,785929
1155354450364320,1889963
1155137633002070,810090
1155054762419530,609792
1155014558347790,1209459
1154973088938900,661113
1154808482247290,770514
1153844109356420,475610
1153785038374410,1027417
1153629328088790,898777
1153622298471300,1027224
1153510416317070,789043
1153381784776280,785085
1153311621274160,744372
1153290786030220,656147
1152799429389200,639144
1152532211127380,899165
1152349082642040,695233
1151981430934390,682875
1151701497914030,1051178
1151649613119480,1035011
1151623140705580,1277736
1151432716183740,570035
1151198715678500,699895
1150853388999490,676247
1150841526515350,712365
1150820332286170,737026
1150681134400130,1228613
1150470930712180,767647
1150456167178120,1115969
1150249307115740,921216
1149751321775720,724899
1149698202556540,1161540
1149690149642140,1133772
1149685190287690,1124145
1149314305164590,937181
1149195779180160,725221
1149104498408580,573185
1148959379153130,976429
1148944851066670,1010840
1148910773789270,1296989
1148721666630450,655908
1148709655735140,1214886
1148667126552720,732426
1148651371666440,1021985
1148315182791140,665416
1148309443933310,836743
1148156458999340,871401
1147564561767910,823677
1147455824305200,583223
1147449641870890,740966
1147289697064130,1165171
1147266459559000,870810
1146941642504640,1403819
1146879773928340,1194380
1146502577201240,648708
1146309513751180,1702613
1146235649030230,620220
1146178886175580,1127972
1146108505611740,1248432
1145846779824240,600491
1145759233193630,674485
1145679057848230,1218288
1145640780986430,763306
1145445587728930,1403769
1145420390222060,831533
1145209873010110,631919
1145187691223350,848093
1145180415919420,611168
1145111041759160,855407
1145088384163890,1134055
1145087299686760,1847548
1144953681629940,977455
1144830160929850,710887
1144647096046830,1428470
1144506920987460,594043
1144380195519420,722293
1144339959721320,1479842
1144322535845900,801744
1144272573446810,738025
1143995720087160,2049762
1143986592450590,786829
1143633028379960,8548523
1143588862964330,799556
1143551800312320,943762
1143514900580090,796856
1143025205363070,1160689
1143006052166420,1155999
1142994863716170,933580
1142801019863470,795899
1142486571763300,646026
1142423665432200,722089
1142396207134810,690934
1142108262971900,1013080
1141941586913750,1050100
1141890690513400,738646
1141870746690830,879243
1141845280812920,609205
1141831197956490,668598
1141808042050190,847457
1141488734482880,813639
1141462703281620,893943
1141297773182110,901663
1141239971741350,1788356
1140705337498730,1286660
1140627261236780,992114
1140568359008580,767893
1140563483861270,713230
1140525911435980,862054
1140488227429690,739421
1140443757926540,1574451
1140381605951940,827363
1140264737898430,731376
1140125353298400,814325
1140046487203970,598289
1139727816588120,898871
1139649009146970,522630
1139640505454330,677115
1139352524451380,6599500
1139235668310930,617057
1139197443403240,911108
1139162799112530,1170689
1138897060159790,848151
1138735049788760,993085
1138702775803530,500173
1137936586639210,662789
1137884327858860,1407176
1137642031518970,974872
1137562289153880,1233102
1137513360181030,1279128
1137491182176970,601559
1137482521595410,1202851
1137250811402060,1001951
1137243918272660,1576621
1137210523489630,635080
1137046160789860,1302908
1137001498426660,1042155
1136990831982860,1144788
1136824336065180,1059704
1136519648021980,743547
1136486973778680,1281494
1136290951721910,1270406
1136282884538960,2440395
1136128251805040,863727
1136118124857610,783277
1136042065335660,1127578
1135968133273770,837824
1135845748505710,604621
1135831668997570,618414
1135373058125050,716821
1134953735790110,1347196
1134863367855870,879868
1134682376575970,615726
1134667350164060,1045516
1134646148767690,1019872
1134410503839680,625309
1134245545305720,1205812
1134223336653200,804541
1134223296696550,828156
1133855102693340,1452792
1133689495042630,793425
1133645802709620,977032
1133598284834020,1040111
1133568618248100,683913
1133479479703740,1748669
1133226550373370,805428
1133131878925670,551485
1133103176737340,824528
1133041602392650,1270698
1132952996806520,1390679
1132903756598140,1365884
1132769852194100,1033444
1132735040220860,1771737
1132303643714810,1097040
1132277452763920,861351
1132255938927400,485885
1132081536035310,1071819
1132065240903460,802425
1132016799159780,747524
1132012119367290,694145
1131818979064300,1042197
1131809949948490,940494
1131747675445220,618554
1131539330830190,1202836
1131520039136730,561455
1131448981158830,929098
1131316610746060,1230228
1131223691537790,802266
1131209249416030,1271591
1131163004867750,769696
1131000792891260,1179406
1130933997383030,706976
1130580107707320,642039
1130455453761470,978902
1130345313506650,983719
1130278783635130,1353845
1130107623315040,661144
1129986784166980,1039089
1129909825728550,706020
1129908244006240,974959
1129871443355090,940482
1129810711144170,1497666
1129506612405250,795427
1129327367149200,980745
1129142441562550,871356
1129086021017870,1126417
1129054716580540,1065214
1129047400811840,1024259
1128932109529640,1180480
1128676842231650,914582
1128547059610300,922417
1128478081958870,734936
1128054072577000,905667
1127911655339680,832201
1127525686868440,779877
1127522947439630,638854
1127395426499980,484220
1127382037222390,1114994
1127188894467040,664494
1127125202588700,1254893
1127125074153920,1205099
1126976807579520,785897
1126964878378280,1048582
1126940386511720,1032667
1126923550730750,7599905
1126749034412050,941399
1126710704717210,624460
1126708713623680,1017167
1126693030033230,1409857
1126650399334970,1147567
1126616926684980,759274
1126417713924180,1354200
1126398979820760,1125335
1126232125597990,729315
1126061979086660,1083957
1126020787962010,1178794
1125901462800900,827554
1125853019481550,682787
1125769289819060,5790857
1125651530572450,1904460
1125644112331640,1013147
1125454199481610,993806
1125436264911000,1280121
1124371511920120,1444001
1124371198329500,885850
1124258066685630,675769
1124163239998540,1124425
1124070598067190,900763
1124062954828370,1676827
1124011789592700,800735
1123799516302230,900480
1123787592482980,898748
1123641027093570,698329
1123416132112200,843036
1123369248992350,1294332
1123257929101650,947135
1122991889779640,895650
1122925256714290,940388
1122453930420350,1098674
1122302006232980,843226
1122287108350330,565584
1122228979120490,937351
1122203630273810,955354
1122190848294880,995033
1121771223294020,812507
1121153582446380,677423
1120994652395210,1022043
1120791857851870,1637786
1120616873311710,1003238
1120605575340800,1251651
1120000460685270,860250
1119573789715710,903410
1119550937734460,768399
1119215489983400,1258116
1118724329544860,777335
1118695018591450,1174328
1118620506773230,1286841
1118462116588120,578817
1118327968189310,1516508
1118241262276810,2570543
1118108751988880,626712
1118073336283610,1276701
1117964100396130,753442
1117627529975660,986841
1117540861204520,539484
1117005172548450,915653
1116867860660840,809946
1116054266441320,1317790
1115943968413200,709576
1115931391678580,1677229
1115926322408690,1247890
1115870991103760,1500353
1115865919147780,620808
1115822741535350,712761
1115747807480300,724481
1115682914323600,723509
1115627505146240,602870
1115615925900410,847422
1115566452662730,570930
1115501958229200,593604
1115501174265410,1050586
1115374685838080,1159631
1115267339863990,1155049
1115254233210190,744302
1114934023241590,1354791
1114769858088420,589605
1114625959345760,857375
1114453709823830,737471
1114360293326530,733039
1114286525000960,511121
1114228527242530,1375792
1114170380271520,725650
1113754091727160,915866
1113541861412390,787121
1113505616576330,1496573
1113457832962520,589832
1113320568291660,734921
1113206908883910,805131
1113192480472090,645240
1113110965147050,1150541
1112971187488790,1107539
1112611893683980,875502
1112539611050350,501866
1112343296505990,981170
1112101447654070,1276128
1111921066867490,721599
1111837465171580,1494274
1111530087197270,1182997
1111250783833480,955411
1111208382675030,787621
1111136531070130,1059550
1111112450090160,1071615
1110931591754650,1507515
1110640419667830,648830
1110263624181700,794517
1109954446324220,692344
1109878775989630,512908
1109830325836140,671923
1109813174276050,777452
1109637802694020,854188
1109621119642740,902020
1109559596519820,821612
1109536862235050,1107723
1109401492330710,788578
1109322001389060,1300162
1109265256628980,909166
1108916102021300,1212833
1108745774963890,817227
1108703295700140,3913535
1108576579198560,579257
1108137234853160,876526
1108106450060360,879086
1108069763509240,1302118
1108057912563460,1630024
1107943074790190,670705
1107729226033260,683645
1107659421385380,687340
1107470623651360,1343543
1107468697565640,792690
1107463566640100,1068920
1106912768912380,730761
1106843925329840,663680
1106649229932520,1089139
1106486043368640,1055766
1106483191567180,886743
1106267038289600,2555113
1105859851482320,656870
1105809936544920,2714869
1105702080741730,759427
1105336568983440,904803
1105268119134850,924415
1104995876272540,763229
1104955020069540,768314
1104947630184280,989580
1104671835919310,789459
1104547979914150,878957
1104397896399260,1037848
1104177502597870,774166
1104101061163050,860731
1104046298413600,1721607
1104043746361650,742639
1104033418859350,524984
1103888491272680,1364909
1103622914422620,573944
1103568412230750,939266
1103557645674310,944304
1103479076189820,602399
1103464916473430,1456115
1103440026926400,1034128
1103366199002990,1229825
1103362216114750,976095
1103180510414260,4624156
1103019726788010,804455
1102422861203110,1172832
1102262580078280,990941
1101963827012440,1124158
1101891388140750,727062
1101875842712790,741106
1101858670208660,661279
1101724426031140,718989
1101676168580120,1161695
1101616016965810,788007
1101562729860480,1539020
1101513555507890,844478
1101244356760450,1198339
1101161580832100,1194495
1101121803904890,709125
1101080020958350,799927
1101001144348290,960177
1100964247649270,584005
1100459926680090,1040309
1100341306743520,1279285
1100323030427940,997727
1100307246935770,1218225
1100275183845650,935584
1100230242663620,730596
1099943015689530,972781
1099913124214770,1232491
1099894636261470,785785
1099835116777880,665154
1099831519854310,738152
1099799665412250,497887
1099562124753640,846575
1099467325943600,790190
1099285875621300,1224924
1099197944720540,901365
1099141618637980,1042728
1099135528903770,1244488
1099114279901540,1414340
1099039095987160,1403565
1099005416294830,654313
1098707994412130,1083522
1098667413085620,768363
1098661289038540,671071
1098621021816850,752135
1098305449534680,701224
1098268912200180,881720
1098177223958980,1152204
1098137188764750,828497
1098056942169200,688870
1098044118247950,762669
1098035202022510,1179295
1098023537253370,711770
1097911773922230,804269
1097867523929760,934548
1097407809714840,1383520
1097392121593730,1227090
1097351534671930,784763
1097267000384980,805860
1097152347880240,1126961
1097115194969890,935647
1096856457221680,835806
1096800006370600,856332
1096742227941750,1092036
1096738092810360,909590
1096653915891870,1253645
1096646355144080,620030
1096484652378850,1188691
1096450963743720,1337340
1096377851118560,847976
1096358358032670,739510
1096210975308750,674343
1096131981188760,510348
1096080952175630,1278126
1095977294166980,713216
1095969452321100,993023
1095819246159830,885748
1095818860557230,969862
1095792393170900,675121
1095735679507860,592077
1095559142322100,819826
1095521239327410,1224836
1095391269746850,984102
1094937835477710,1575667
1094838460331920,1660165
1094697600239880,1112422
1094642061471030,965254
1094584492241280,690598
1094207733637230,697658
1094144838484340,1423264
1094119731614810,818304
1094023473425430,855911
1093632571121870,618700
1093578468723180,1050062
1093487017374020,1168399
1093409118471690,811412
1093364720715550,1030066
1093339648358130,997190
1093339265647580,994150
1093207203230080,881162
1092897334703190,492500
1092884665560320,1355917
1092791306849680,1133797
1092643427187000,1040970
1092620432280890,636451
1092494263609290,3244531
1092395057695130,599741
1092389029934690,1100079
1092168818492620,699546
1092163689652090,1223353
1091814734171530,1246038
1091620015997220,1226028
1091474016193080,492779
1091371175730660,595589
1091351144941710,873377
1091303468891000,1914612
1091251051212870,977964
1090673398669080,723728
1090552880060990,706587
1090498840935360,722383
1090137989864370,1022561
1090042313621250,913386
1089982765200150,883304
1089827243899250,995210
1089733211055250,1634707
1089496081810270,939972
1089238888627080,762777
1088594097349850,643104
1088423665909460,723509
1088210208757300,1149144
1088067484076670,1330603
1087880824104380,1034684
1087668834491820,2223688
1087612441283260,1459190
1087541307501480,1007549
1087117789540940,1207033
1087047144898980,965121
1087017903985620,1382855
1086900268615330,1525378
1086829347028240,1233789
1086689491583000,1186152
1086627912252310,744970
1086560478999470,757282
1086529695027660,972013
1086461756018820,820107
1086398270385800,589520
1086290825621780,1009247
1085967699169630,972085
1085836601997320,858180
1085791541207190,709471
1085582712417220,1406552
1085531362061580,724427
1085486201981060,619576
1085272738936910,849415
1085141953949920,723672
1085041483615790,640913
1084876296505620,1214429
1084821057678820,881933
1084790080972570,1074864
1084744450518740,1047759
1084484799328790,1013098
1084403209822700,1317457
1084220039550660,730380
1084199157189080,1412741
1084176373827820,740866
1083469789706540,968343
1083423129403720,835598
1083405053893760,680715
1083256310535220,823676
1083045838508950,865232
1083041502924320,1143221
1082959911611890,1261127
1082928199935820,1110706
1082867400175310,1182256
1082768130808500,905107
1082692885790290,1207134
1082644427774390,892362
1082612519878360,538333
1082402050049040,866238
1082331217183110,631654
1081962880971550,847821
1081901997184860,1128894
1081826035231550,891347
1081795626237400,967604
1081766654870920,2571082
1081724378347840,1004479
1081666048286400,565509
1081658269548030,737323
1081458128164250,1115371
1081128738686100,1364081
1080619050309890,908501
1080594460232530,903572
1080434058238650,907476
1080432998854250,1327829
1080331759371900,1152407
1080329134069380,511057
1080218060600740,1081854
1080198372232200,782181
1080092385276790,1374803
1079926755949760,575181
1079893949498310,797448
1079858959693260,664411
1079855827607090,1127320
1079488203389480,770949
1079456666862530,1025925
1079429533573230,958894
1079248619213270,565867
1079155866839070,821598
1078924046148250,824721
1078860506712630,851102
1078827864197570,660365
1078742010766490,1184565
1078619195738230,1195681
1078368288411740,976011
1078348469887450,764062
1078306075451520,1688790
1077659151872080,1167943
1077394900615130,1159194
1077045354673570,1251326
1077017231046350,698677
1076880133029020,766036
1076844793508160,1005719
1076735881248270,2123666
1076726593336220,949955
1076565823304760,751217
1076504274953720,859239
1076463512011670,838593
1076399960322510,760097
1076090356625620,1415364
1076085488744230,922624
1076049546562370,914528
1076014547573920,1315919
1075833804730330,687855
1075752613526870,652254
1075593932016170,1181757
1075465406003500,7935135
1075436192360580,642871
1075407373788430,833936
1075267075693300,1221187
1075247900838050,953351
1075219339374650,974348
1074754877624930,716581
1074594643669920,1004569
1074495985632630,903571
1074431632418970,766886
1074222255759530,954976
1074160779478120,556072
1074103553726020,1347711
1074037714726780,1183789
1074008627536810,775045
1073723312940800,1067029
1073631608834710,1113928
1073507218283700,626179
1073421357598740,817926
1073396512841660,793431
1073394734646180,1802434
1073264992426600,739657
1073264362267120,708289
1073237631598030,674801
1072909426873840,1754067
1072742166254910,826273
1072729981202280,1108686
1072729890526780,856470
1072574236935730,785790
1072554036859500,673170
1072508333698020,651932
1072418942156670,664913
1072287399795010,657026
1072097485420950,679529
1072033487031220,1756202
1071934495071290,1055059
1071373498901300,2252404
1070951916970830,731673
1070772760829790,1069698
1070526209033490,1456535
1070495087276660,717720
1069912241619430,733394
1069825247475080,740326
1069807354655920,1570566
1069694042823210,913291
1069459181045230,1072540
1069447749725460,847356
1069162134118930,1143603
1069039748671700,1025353
1068632394838630,735870
1068277929410350,478061
1068245082132510,812260
1068101411398030,497041
1068049111328850,699321
1067968692206270,1454733
1067711088112830,677511
1067577384431730,723009
1067274760317460,1277060
1066788308544650,741124
1066724769200180,1915820
1066359695850770,1100562
1066238440193810,902513
1066092375649010,893160
1066032671800770,1037253
1065940948706130,771675
1065935547995540,1109902
1065907546880830,582204
1065651065412150,678607
1065613402468230,1208592
1065552510317560,606182
1065472658228980,1426479
1065157464989550,1103198
1065092117659780,963032
1065084567242470,846844
1065034007228880,678374
1065005749813430,2085495
1064930839603040,744342
1064890518809960,687615
1064662597119250,955338
1064636519175910,556787
1064600630355450,1268278
1064597912757150,783444
1064597093891070,880057
1064359186399830,545671
1063894682243980,1913776
1063805406116520,898448
1063640057359220,1254291
1063243801830400,735145
1063190396707340,784650
1063187833183600,1077636
1062989016091830,619638
1062926703981430,843841
1062705883711960,871503
1062468239515690,826522
1062388667172160,845865
1062250789218740,720312
1062162461588870,821890
1061980498143780,511015
1061838717671260,841224
1061724173496710,908858
1061712189046420,744257
1061703413874810,752274
1061125885424220,734636
1061053768406300,788861
1061049599472290,771867
1061046820277310,1134248
1060893634015150,729102
1060882832604230,1704149
1060793385526910,1872247
1060718967443110,1039222
1060574840261480,1184213
1060520766989090,836936
1060479066622100,837887
1060431117980190,715462
1060205802306070,949360
1060204592933180,723689
1060048300163310,1740959
1059920434630170,1057281
1059903625493210,568595
1059859970112510,1276779
1059786927767030,604271
1059100226241230,800221
1059090442521630,1262308
1058947125407310,1437376
1058616069843520,954151
1058608130067320,645661
1058600973403680,1162230
1058500031352070,855553
1058381721792070,3583195
1058354489004790,867479
1058010258346590,846228
1057743726736000,1020819
1057676009214260,1319198
1057448677225320,1056252
1057144092241150,768169
1057112468879560,718076
1057044192700410,1144422
1056883847254990,450310
1056759843710830,1081346
1056281919126550,872977
1056272169709900,891620
1056219331893870,1674970
1056218742589860,1228927
1056193924046050,1059271
1056090438395800,998722
1056001979773840,745089
1055881057009430,2205110
1055646793275190,975078
1055383099608750,1151986
1055134548756150,452903
1055117889227620,511148
1055081556015440,1174960
1054967105056640,703247
1054887713239260,798017
1054805485527210,889917
1054752518189070,922832
1054235383316230,681488
1053880635316780,709274
1053483000511480,1573914
1053332197581540,626758
1053303097437180,1060568
1053072452007500,777502
1053001688071240,1162601
1052858466230030,893344
1052805065911920,494155
1052697621176300,503253
1052575820246980,1502303
1052478363997040,882217
1052265104240440,1266252
1052017293266180,1036301
1051993084608730,776047
1051991104699540,768931
1051960369625990,1451386
1051903607197160,1018452
1051854766681410,723487
1051799682419580,855267
1051709575904650,1703296
1051061083636350,1064198
1050966823419620,589784
1050936196343570,697148
1050590812103370,1048741
1050300550149420,724914
1050212923595250,1260263
1050202871615810,692365
1050176448699020,1068745
1050026960691150,919211
1049912673257980,1000906
1049710461108620,723390
1049692512679380,872015
1049612874783200,969736
1049594342313820,744522
1049183107190570,1837135
1049177939165290,929035
1049144464276790,1139905
1048815863538560,843510
1048814481456180,873714
1048739405039930,880691
1048659060595030,1308772
1048504482496100,1121986
1048416351062160,1018481
1048366740960350,1245261
1048331828150580,870359
1048305380724790,675501
1048271992189490,1693064
1048267730472570,1143744
1048114419655060,1118117
1048016770775390,727146
1048000401629500,933034
1047956715396030,731625
1047921744921610,733422
1047879122728390,881613
1047867063367060,903369
1047761022522940,763503
1047598637353150,776370
1047568941108050,710409
1047404147911640,1257584
1047260427860590,993265
1046795713576140,741638
1046748540735580,841339
1046634693949070,1056791
1046628942354050,752465
1046616214438210,1054662
1046249679694570,828965
1046167389071550,689754
1045984020864910,1679842
1045958707631670,1644537
1045845464228550,1507790
1045791854345500,992237
1045713700208440,1212172
1045605009765200,1122156
1045574343140720,1036875
1045402208332480,948299
1045389280689860,769838
1045323417331530,664054
1044867127872670,1024948
1044743948375610,812453
1044602655504110,1120484
1044355489852720,1200345
1044218207221170,966711
1043766018497840,897299
1043421862562360,887012
1043409666843080,952951
1043368790150710,796790
1043264687809250,1115066
1043235017834430,755716
1043160193534600,1388025
1043062341078190,870766
1042543424118210,1110440
1042219394478300,1233997
1041879401452700,1108181
1041420667606600,1008311
1041357257722390,1180168
1041147743012430,812201
1040967307195160,569690
1040832448137980,712540
1040458028487600,873541
1040344616311800,728217
1040179830874080,1008099
1040066712961240,791515
1039869833475760,1054035
1039810594528640,960851
1039801979264610,807032
1039623907164650,1495331
1039574387374900,1075980
1039441199512100,759089
1039423323388090,3189858
1039411213912170,573654
1039152115200830,737898
1039129865088030,1303343
1039128161077610,756364
1038519788693390,1787933
1038486322193610,888073
1038305183307340,639965
1038246428773510,1181945
1038220582713800,869702
1038088574702300,1192531
1038086313317470,760317
1038020873167390,709311
1037997814619670,1268063
1037981312229970,893421
1037932151331030,953306
1037926354482570,597596
1037836899143440,1475539
1037835754604550,995781
1037552011427560,771113
1037170847035800,706099
1036878234149730,1042041
1036853190793470,1131335
1036656453687300,1062271
1036563009415370,1583746
1036540272325240,883281
1036491171898540,1111477
1036272709529080,662739
1036072288916890,1125538
1035923413069450,488169
1035867407443640,785411
1035722063299160,1177349
1035663977646120,621025
1035117967627520,1125157
1034982753738090,556013
1034901635837700,1011955
1034746537102560,837019
1034698078458770,1093531
1034636944244930,599792
1034617631107930,828355
1034544544147270,702920
1034492279275000,1040439
1034156507819490,829952
1033966318825020,857141
1033963874600230,701935
1033867428853170,1034309
1033833121387030,740350
1033822743551770,949360
1033818060920250,684137
1033792467254290,975075
1033774731137770,624392
1033744187219530,961621
1033687420228680,1248382
1033617186059080,965765
1033552904742210,948317
1033400517411870,933797
1033381652786780,1153640
1033368489545480,1030794
1033364158085500,688771
1033275255656830,2091606
1033266472188220,895086
1033167709731220,1124042
1033115546510630,856770
1033042074988410,1055497
1033021722644860,1520568
1033016741815350,777648
1032905782757490,1347618
1032654088669810,946519
1032533831827820,921865
1032425059111750,1187615
1032328819155690,1260066
1032267704142320,589823
1032211782864870,623363
1032005387434430,965941
1031898368259540,1244293
1031859148166680,1395669
1031706253532500,716373
1031592375661620,1130065
1031584269020240,656614
1031544558128160,966498
1031536811800210,766529
1031400543510540,576492
1031189231907940,687788
1031123174732040,722395
1031110207366900,1181479
1030858929738760,864853
1030821984553220,437582
1030665040321160,659958
1030387822287140,783288
1030217520646430,662555
1030155903606400,898907
1030043073092530,974531
1029597852571060,1006237
1029535020985770,655195
1029405113594190,719550
1029350525456170,603664
1029319086775640,1044105
1028967222225790,889711
1028880006198600,628536
1028850314560030,799038
1028573403456940,1149093
1028430003998010,657568
1028071555311930,829935
1028039832649160,491796
1028036165741200,1146510
1028017889547060,735795
1027720486003870,634983
1027654006262460,966811
1027620136647610,839557
1027546603112110,430799
1027359709750100,1606274
1027101924391460,766534
1027094996403630,618911
1026968643666280,754865
1026678044449750,1019707
1026504357481290,3958211
1026438149181540,548907
1026322481577770,1022659
1026260397286620,728490
1026140924118260,1739003
1026064195690920,880339
1026005978247780,833388
1025824015002880,734278
1025558831800900,884556
1025505025875980,843029
1025368935006530,598167
1025116007637460,1039321
1024847257340490,664788
1024775288618720,670177
1024528410327570,791447
1024504537987540,2415390
1024436081178130,669901
1024403320139650,1079159
1024398524261100,668421
1024279404344590,632126
1024189074815190,532677
1024180850280560,669297
1024144199396170,1012055
1024026288632800,517606
1023824659823590,632197
1023731472183240,801798
1023658093778540,815252
1023535015683130,579468
1023505172122960,1932522
1023171382444910,790106
1023028147327750,633420
1022865424093510,1191030
1022663734182960,808459
1022378561340130,1024066
1022178989758030,744929
1021940894886570,792551
1021909449239060,756982
1021794059161840,1278069
1021416254074700,1018782
1021281507244610,745465
1020530245308260,874979
1020244165362020,715592
1019755163060720,1146167
1019539212573310,933168
1019529040974870,1376185
1019486205620720,1230139
1019426850309570,1190473
1019226048989390,640813
1019004420818040,771753
1018901893805940,1185138
1018782561543510,1795207
1018418215416450,1271726
1018301058261910,718278
1018115617934980,591894
1018114900416930,745193
1018027320225190,847565
1017572681285920,1019493
1017500906965650,1153749
1017315975536890,1095969
1017215392348400,972844
1017204110432080,1051343
1017184452909090,1301420
1017152623683750,884245
1017043074751510,604167
1016504571751220,637430
1016408637578760,1228955
1016014550201740,590662
1015923901553390,687834
1015912392634470,872724
1015859075440330,1034550
1015822998788120,825169
1015783345904480,661601
1015410194167600,544413
1015181000439650,772512
1015171265684530,796168
1015010661353750,1049221
1014959069898570,558748
1014858846307770,1005558
1014793210214270,1081843
1014760199482850,793348
1014720212169920,1013063
1014685178012050,525989
1014375170279340,2172980
1014209499430000,2304059
1013865331875810,872657
1013561579593390,787440
1013404820991550,873745
1013348112754110,779418
1013168564685300,1416048
1013161182285600,966329
1012863841759030,1146587
1012811636290880,761065
1012748071981160,869191
1012603540829200,936581
1012575686202590,653855
1012385766593800,673385
1012367253988460,725348
1012124282216030,857614
1012093975377590,764821
1012091023606510,835804
1012015334500080,1020881
1011918503395790,1248851
1011911059299850,666812
1011615071565600,790998
1011195757406660,1178723
1010918086823200,924339
1010906160832170,2204296
1010801472617320,1149040
1010657358448290,1646473
1010619868333970,1083537
1010583159679720,668363
1010445614765290,828619
1010252652747640,655522
1010252169096940,1075289
1010250940514960,1301685
1010241967650690,771713
1010192717706600,486655
1010097501887790,648566
1010079661459850,1313638
1010066570594680,1257040
1010059706143250,868915
1009838413144880,780577
1009828860086610,708904
1009783597843350,797133
1009715192921610,743547
1009711971113820,976392
1009279438188210,1064425
1009168624517410,993859
1009127925283710,634637
1009062338390560,663031
1008907364834250,952882
1008786650582430,1323262
1008644307448850,1416168
1008582951125700,1129378
1008256898490990,1190456
1008226003896110,712870
1008112093823990,774606
1008006015507110,1415432
1007963454872080,979506
1007942855703480,1065344
1007836951177440,994755
1007737377141340,598196
1007726568639940,1299992
1007647848749910,1387148
1007570099246260,955029
1007311316375260,823537
1007224699419310,2049243
1007188731641100,1210357
1006857235001520,818108
1006257220459260,709065
1006139802553220,2460218
1005906340974550,782473
1005873611118180,1602881
1005760967365770,1021134
1005744865504150,1181398
1005654748211890,700405
1005652146123940,1161871
1005317261448510,1509674
1005119860778140,1547679
1004584729880150,709001
1004506408746210,722036
1004500977539000,1079297
1004367456666100,807835
1004238081332930,807472
1004179088387290,974858
1004174672168610,857447
1003880467092030,1489978
1003630909587600,1528748
1003414196570990,1232309
1003372408761670,1221202
1003359267216290,1750538
1003045383483180,546752
1003017014516690,851669
1002980141238350,1030488
1002464305120160,654202
1002317573840810,1137686
1002204398633250,779866
1002045773976200,1156078
1001661108334050,558098
1001648959329050,1090572
1001222428371150,1017546
1001219468689240,725986
1001132136414390,1048061
1001040061586010,935076
1000868737063270,1122950
1000867246401990,969718
1000851965406560,690367
1000738791091200,1513022
1000722851920290,676109
1000603770266080,1031120
1000437204621770,979492
1000333435825650,945379
1000080167149010,718280
999586902402651,812964
999438400949913,1044045
999427707794020,879751
999122795161123,1285596
999103531569411,1473429
998713815011814,2879325
998458612679060,726474
998319823081103,704435
998220299373859,740450
998068670931933,1861574
997777283722467,586298
997727098242830,632850
997709593101659,613761
997645440906481,908174
997641404866396,851762
997449213862996,617780
997435155937671,755868
997434702706076,1218952
997258622204773,568243
996857621034377,558160
996755678921276,1308932
996708971957460,675821
996233086731749,1187629
996010165876106,592538
996002701802776,871516
995842415427687,772157
995719562074704,720824
995710881159734,1101614
995656166509430,751176
995471213943793,950027
995416873673641,554241
995308149979240,1154542
995216965982436,494776
994467329660924,725635
994136039362223,736493
994066876223684,756853
994054450042759,867997
993917593707077,1235053
993874537991329,743164
993845454402531,760583
993830214077677,1374957
993581799442636,2209666
993450252489086,747791
993423096648951,887141
993260324305141,925685
993082315977970,1105600
992983237414047,598599
992937294745016,1025039
992635739040099,1295143
992571643420739,1216841
992410962425480,609910
992151289650039,851293
992108550027660,1496792
991925722060779,1487377
991799866978887,905680
991627641558356,999202
990929774302063,703654
990887295286359,595418
990765329748417,855192
990616334409609,954493
990589705336131,820538
990478545513001,640093
990387851285813,912240
990363557603816,1097058
990268705863883,576973
990238816928057,993058
990097440516510,612593
990019886125407,739689
990002546729631,767612
989928204507341,846313
989588239004049,629377
989571339554047,1153691
989465792014743,946153
989431838312167,1139809
989197247937619,853928
989050194295937,1244280
989030919104893,831555
989011628697044,772439
988789826093421,861848
988686436607147,1552651
988678344015709,1190210
988628895840291,814409
988285952766390,788103
988190204816307,823399
988179798955999,1241247
988063896532700,905798
988003395704819,895821
987736626114263,682826
987522900608924,787387
987244904353191,1126650
987179582827667,992304
986951866559353,794259
986949602308790,896122
986802778878863,1027371
986763610799660,640421
986708248636620,1350345
986626979818124,1528825
986188843539483,746816
986004988604266,902348
985941299215916,1280380
985826758163710,1183115
985780819853206,710983
985630301732031,541211
985578110924103,1426550
985475370492057,567844
985444847915714,760831
985404030582409,900625
985158912720360,723397
985134907062247,751866
984765903064734,784653
984701895398960,695833
984645646935337,1545812
984591073749716,985209
984324303806739,17485776
984075407156430,1222539
983734613548323,432563
983677617178893,758441
983576623317331,716731
983470181033921,702208
983179170837850,1167459
983052615372550,1147436
982994117693484,960604
982868381069034,656572
982763301323610,736994
982495016612570,1173305
982473622904544,1057734
982205553372590,798449
982167119673870,1037448
981876026018356,713684
981875227976223,986860
981706600177189,1176402
981691190932417,1583514
981643139090279,830121
981595530420499,4549246
981530644534943,8746051
981465998332036,1243744
981379432091871,1040569
981366651537236,904578
980902185830013,1398763
980846541040343,677466
980552639151293,1072245
980447133314017,1383606
980438231291739,877683
980405576806909,1096928
980288888310361,7599905
980114616813864,1458125
979973625846579,744378
979951275027503,686590
979929867440569,1209415
979659124841176,771126
979639014274273,686390
979600476155414,2048384
979551962774151,719199
979400613348839,951371
979310565627853,1034679
979235081831136,764250
979089299987174,1289640
979069052323233,628027
979005319999286,809015
978964595824221,1764166
978878135843071,1436498
978465861717427,1069665
978209997498624,1195690
978089410046333,611721
978041113049633,1623191
977994251042173,518698
977947336422636,1174407
977882780617310,1229095
977788158680870,759064
977695121463756,1113300
977627607636349,973644
977621099912364,1001278
977607827063060,636225
977573992714057,1447459
977528997541083,924476
977494703961136,971551
977475118949010,935473
977344546704406,683026
977339836858397,771019
977058153239253,1294564
977021407171384,1166879
976980174238920,569154
976663522589837,897104
976477413567349,884671
976366684454474,1482661
975739522300870,1515265
975578715641624,710313
974401821278824,853445
974320326188147,1292938
974279349758213,1754019
974160101834844,767163
974075493949190,1169781
974011579590559,714793
973891992882147,2529273
973821526027391,1265966
973801790350484,861110
973320803085104,1379864
973300202951064,1989238
973091880560401,1182466
973048727939683,595723
972760034848117,672024
972699141208396,679528
972678532430257,3211772
972576885350597,3348666
972403180622530,855900
972321653820713,1015792
972306696638331,715580
972278782771320,969529
972145322171270,1088014
972108446621180,664181
971682433659237,1012485
971616983477520,735457
971573841051110,794754
971360275971474,579767
971169305281733,1259433
970934842211169,1016632
970618481677741,701477
970579511659637,1236406
970309440469681,924745
969783135346306,1085179
969679060840509,881508
969629694170997,847364
969615116694941,884372
969510240192457,1495477
969241534446934,823525
968903334997303,764987
968513137860769,844780
968413031778549,1334674
968350970932519,1275078
968304477519036,488522
968145070700551,519005
967804150428393,1401967
967773338205717,2882071
967678714345357,558734
967593942152947,986490
967349933432924,939130
967040894840813,1373622
966990475970889,907677
966894144539056,1168166
966603542695333,1453101
966544423564050,1459691
966520845179810,830047
966327264990810,1566482
966155430638080,1553027
966108154109056,1383489
966084005197169,6303208
965716009016970,784972
965544952057911,766099
965467337760470,1045545
965445135598510,1102588
965342981505001,1061747
965293601467940,1119037
965237607393026,1004121
965160700400066,1270695
964785680652000,901919
964749795369380,1102438
964711841119163,1462448
964675152540274,1868266
964651162782140,5872264
964564736424699,926559
964524654290476,880100
964476450135636,851383
964437991596759,1322020
964319406379806,669335
964173265135664,1237511
963613542908120,798092
963518279432349,642342
963360290655497,725639
963110505883996,567555
963066116118657,1297364
963052638645953,791466
962957693462093,26401283
962748218231146,749561
962731983415781,734178
962637142267216,797170
962619562385353,790943
962513827412141,809693
962509978052787,1016327
962349516041531,609634
962301020359839,1182714
962175014923171,607813
962173963027557,1355637
962140472325694,1290081
962026885274530,1340104
961911312661036,573109
961884170306830,888139
961681345490766,885748
961477219009400,758190
961387901672070,1196884
961274095058107,1452939
961248899125229,1049693
961174020234810,610486
960931634565911,2279115
960737630393331,713894
960707181490341,920277
960607799572490,855323
960603354526669,747934
960455664016647,846362
960454072489303,979724
960309765186923,906534
960213308515780,813273
960197738978047,1135557
960055526354089,1056732
960024354273286,904036
960007190674326,831780
959975303627513,628885
959931388027917,949103
959881002996000,982291
959876615109997,712016
959848885633636,717692
959711849512160,829817
959663576088791,648389
959662774652959,966728
959584677681199,559668
959399883406099,920556
959305534988169,833419
959008124964566,687897
958967980680607,962566
958948544105337,686420
958879596504157,973455
958739243501440,807111
958661318557000,1164757
958533432167623,1001601
958527559983849,1054480
958438138904341,663739
958317554423451,1461493
958220809148737,665804
958105287852353,916536
958100918543674,909127
957851066223223,789640
957685543975853,1402545
957496034444970,1092401
957293962381617,1202282
957199147358077,641696
957166471475699,1634031
957040619524820,1120859
957024893804314,904641
956981317803297,1068320
956823432886016,1903073
956707807583879,1302457
956602628823840,911357
956588728456289,1130276
956530960412586,579386
956473387610254,779123
956368454635269,1141649
956076526408910,669987
956068678982460,764593
955855663542044,995739
955761368656366,603576
955672282222729,635944
955603764724309,611844
955434903123709,1286402
955401526318714,850854
955367740700109,678850
955364399339470,720198
955349902799156,716080
955210208490880,655871
955142217778914,978598
955090655285937,2280641
954751919174810,1383568
954555559917453,1247660
954240677871916,1413046
954065650317471,1016990
953879925001866,1414090
953817654740754,1500239
953544410052709,785366
953296012887027,1190747
953266033638384,671588
953234640196210,1279908
953233899237504,752352
953158448702606,532667
952972174118866,874572
952759944699233,1178247
952587675249407,1057787
952380439831799,1107682
952088444873216,717505
952028930639967,999832
951892550134201,647768
951473349963071,882455
951022453550513,699248
950729819224176,885694
950484472840267,1159067
950423307861493,1000215
950327239715444,632778
950294015325144,658899
950266267685490,711497
950261694200159,712526
949720559726896,530961
949669956600794,1005763
949600855322040,780893
949483223972003,1027218
949406483866244,746437
949369101121994,1643085
949344502208027,777674
949197331194876,968940
949191461721424,784211
949114723185586,1142496
948981847801499,526377
948801245203676,903060
948739995648550,1555164
948698734504977,1020980
948660221865267,796478
948568000448967,968662
948479192855680,682996
948416442589876,1133613
948350088611421,878929
947776044953053,1161580
947124180448046,730978
947117814508286,611548
947045583238750,1238243
946810789610184,1982109
946716379696717,813853
946601259989121,673463
946515502820459,982661
946440766947929,1485638
946286681989374,556982
946284138369617,970743
946249414359183,867033
945930159926734,783153
945854152491704,988283
945755969507561,882724
945647311629953,1017967
945551783095944,952981
945544433153364,777680
945322188091009,650895
945154186226876,626016
945114785464806,800760
945061293313109,880992
945036305936094,1129740
945019980256594,909138
944992235777953,911752
944967623337947,514461
944905652630400,924863
944849641954050,1531582
944847939903863,1047475
944793547585716,593245
944609430586944,966225
944517896240770,1281908
944233537014430,916097
943929303038581,1166305
943834834957251,707880
943793125102950,992708
943694641398990,960948
943662420006614,1206496
943608991639340,797494
943458364343769,1107932
942995073940144,1479859
942765143176061,589083
942616775207093,784906
942535021292841,1078017
942458141194349,959273
942229878966551,1026659
942120944275269,974373
941961395823369,658735
941701348325963,1311902
941687423998756,1025451
941600444298671,1431175
941438793890389,1250192
941255668733681,479146
941023367925063,568523
940980205911774,1606194
940756619561503,699666
940708651376934,765898
940516003988010,875401
940396252327289,890035
940093205284576,1053020
940062613479594,837963
940018851635744,1705644
939955670462627,875856
939869459917164,908567
939753394217124,783177
939683265959803,1193146
939648779065641,789744
939352587711770,668310
939179920201409,1002507
939027074166629,1135347
939007546146157,1127808
938844184960281,790244
938811211874083,1136361
938704954589223,4824835
938417542414326,1584603
938331974511624,620829
938286358896541,658940
938227042431817,493974
937757604277379,601199
937707045958781,880887
937236757852651,816454
937223584401827,801940
937139258162399,954726
937035653911984,1020991
936743344351601,8136315
936729495790257,810846
936241928420994,808009
936202222646610,891675
936085888812660,1088383
935893472032420,1380946
935545821159359,750054
935361502411983,688938
935195990677016,904208
935053302406696,972007
935013906237336,820367
934949248765364,1530937
934851806707366,884565
934816482005477,1113725
934797797583700,801480
934373894612119,1276030
934333505557027,1066933
934311097938199,1287049
934066207948530,1002764
933879726705404,657707
933808461178353,586528
933546088952403,765293
933435927827157,1374025
933430872097029,1053751
933328874367270,1040714
933235478092924,774938
933184518970787,827736
933150417521953,578264
933126548630586,650482
932851359138161,868748
932793653846297,1267471
932644880260049,642976
932261778931696,801301
932242464512271,661431
932014518956057,601324
931762470183951,1880855
931748800567091,664648
931711066930737,566799
931449260634044,965152
931422900356777,1370607
931282401207487,840281
931270348118976,819807
931170659093681,685303
931087359282084,892938
931068781484883,853272
930901803619376,732607
930829213497790,1054970
930720836405140,735152
930594598305210,891156
930570298948844,806869
930508324123004,971408
930476253749410,1316109
930438993349593,1564938
930423321182094,788340
930296473349100,861311
930102482091837,1438088
930059463271643,861174
929501592228067,712323
929427107922123,1068340
929399977584256,1199757
929385486499043,1561392
929147291052624,1267435
929102100203274,1242784
929078560263549,1586009
929035176793221,1323395
928868848933077,1123591
928786502496677,1064843
928755794847217,920346
928568739488636,878647
928065331653201,1145529
928014268477851,640517
927950858738051,1555447
927901986609140,1119634
927884275355029,2663463
927870143403049,753756
927848621477114,1452094
927728654670600,1141210
927608021729439,880243
927393267297300,784098
927375108578311,1483434
927221580447163,912030
927211277937307,1273648
927192292887606,1470965
927104345744933,660616
926942645209970,1353489
926760764701896,1811120
926721277564309,600889
926557862791094,754210
926354680616834,1085607
926182418726506,1199258
925704617765563,1129480
925700103318790,1030578
925676801397456,797727
925164304206549,1521005
925046726254314,771476
924849032487223,873401
924411621524233,1202883
924320646133544,1181851
924107119019701,1421132
924025113557129,1158463
923977744455924,1510319
923792004554881,729516
923725136284446,1072385
923578592272089,567635
923547179587834,1140367
923332897530431,872277
923224164965897,875532
922930055016693,840249
922874400423806,1264659
922712596020834,752000
922682424525939,812550
922669256342719,1002642
922515871325364,1232104
922153827212680,1193266
921858543006311,1031583
921480731025569,1029121
921391419857919,876035
921118968705919,964370
921057282231699,813161
920440380857850,851618
920412661941653,875784
920347290700479,853194
920229888143786,1137722
920163743174561,1466743
920062679134646,967411
920034359674434,789862
920025242247746,767095
920003499965947,565538
919766692804846,1338856
919392912980169,883784
919314722066403,766714
919200547645620,1369761
919065524597297,1034929
918982993735803,5818971
918893935147366,1056684
918849349899524,991905
918831047890379,1117926
918543295200664,664233
918521344518577,1494589
918469608875620,792446
918320813411941,1062176
918210732943136,1050348
918134110675364,1743586
917937944606030,1167911
917456490936346,939074
917330178324473,894288
917237507169536,786721
916912136765391,877118
916761013018150,1120904
916689129960594,791442
916623625807654,749659
916597069171537,1513417
916474189689471,1261405
916362929373567,1047900
916359878990513,1042391
916356977664704,1139893
916173754121350,838850
916145199182617,1183718
915909108169353,1343364
915858612162757,749569
915732121158219,1177498
915439355249740,834482
915378211720029,1092381
915312018216067,7599905
914825244199383,688221
914218235999577,513178
914169704831909,765065
914025433923269,1200691
913547555404603,612649
913486971578989,983012
913486928945367,3405481
913168788195081,781581
913118832304954,1041551
913055564833944,1045741
912980168935083,1337563
912934869575430,636048
912849164022421,18927427
912787460784980,661197
912541172041583,1783785
912513681185966,591639
912441665655470,872729
912404095022753,1264603
912281363347584,792070
912241286844841,629173
912073498507149,744713
911913836687446,955394
911740756218199,761220
911709648418317,904070
911524051663280,897467
911512747898080,1437490
911455920944750,713071
911342076656713,1440797
911341631099031,837110
911316911898886,791459
911213200093196,730105
911206242049174,1644682
911100660729133,1224453
911049020897104,865089
910954052298339,620153
910789700840530,806011
910757402812381,1303005
910555616941650,1319779
910539561326760,1325715
910526488162113,1100828
910167220431756,1310425
910080870616711,1634944
910069322122270,792351
909955036716063,600083
909916358928981,962083
909860676677561,739986
909789689096913,815564
909785447388246,648327
909685805032473,632722
909490431917377,1426367
909450986510133,1307260
909403436511939,799058
909092726062129,991142
908913405348550,903836
908796276866491,762769
908274363826980,1146811
908213433251703,1471033
908037068819280,1509505
908027251851290,1316634
907853843892374,1643637
907766765035157,1199274
907716732090300,1834388
907638362376454,1054865
907582208132400,952595
907440386858180,1728948
907405785972710,836394
907249360643250,760265
907246822502383,615327
907219405406321,1133252
907218900986917,1284098
907144369966196,793163
906985527354320,1413867
906765352431893,637835
906730301226017,1375938
906707543442507,817266
906346624201679,807797
906294086726486,1727943
906192635966763,1062443
906180728784643,1099657
906079787542556,721029
906043934711910,711354
905923287473590,1533298
905867299960931,1072181
905752816309083,1010508
905414517819006,1185179
905358127610746,1279785
905137483964814,598909
905015411015947,872819
904966634638599,930783
904900914320039,1003942
904632010947769,822198
904539240050864,750615
904461151570743,1179194
904213766096100,2085495
904070559654574,1178905
904068295410599,1359171
903735370422707,690415
903723287914917,913920
903610289414690,1692093
903520926972846,856437
903306613467676,797774
903228453997667,807221
903166860913059,1396461
903055243503940,801588
902719574705937,1423191
902670439073660,679650
902390935182484,877539
902306178932839,759614
902026842524013,513215
901791998364164,647347
901747202563501,1158840
901731771423354,874406
901508486347796,979078
901500313090679,1034945
901429813383496,1398229
901341017322989,651145
901220220807066,1145633
900811108588304,1056094
900708035654971,477630
900421025995851,768037
900369895013317,708332
900067232295047,725813
899958919411147,883663
899844110617776,807950
899800388664627,1417950
899225065942694,1101267
899179326889930,1177001
898844324295991,618542
898779668602764,918249
898703382146301,934329
898609407435990,1054242
898575692563997,776509
898285565068976,1256017
898075955064564,950436
897936929120809,600543
897872419097417,810101
897752954401600,877359
897618459871236,1133786
897158524211563,9438048
897031867998957,739947
896991457766826,1079977
896727419300339,973435
896452352940847,1155354
896344304870003,911615
896323976977427,865196
896284289691066,693152
896213925014639,763646
896165873084283,660287
895960838607656,752828
895896573845463,1333166
895846599905609,824238
895747058418920,696354
895657315704699,499410
895604951630256,1208384
895584692193496,945137
895343718200820,1605809
895301403113713,927863
895285540574037,492069
895235315031303,666107
895131862440097,786978
895106104186794,1106344
895032450536490,1301722
894991052658316,1783893
894922691631406,661424
894907615717554,816137
894868539856673,1068450
894629864247559,976860
894587945211340,634131
894538922895663,1275203
894472338230294,909043
894465785843581,692404
894179678683790,1132371
894145716715560,678728
893971303299944,520345
893748436089519,637319
893579630863599,875073
893504984974624,1768682
893493276515864,490842
893441445796550,1088329
893383557661121,832809
893352894356359,523342
893294039723169,760186
893276409485684,1706047
893253209041560,547051
893235155253587,1101629
893045305648927,1875048
892982492085303,727350
892696177279774,1316946
892691118356970,1306277
892630673246794,823052
892589789533534,644746
892577088334094,1077297
892489460729240,1280771
892320790955139,841226
892061661639681,1325338
891904664429654,728928
891896038660594,1164731
891603988693231,1288064
891439201037221,1483654
891180899564969,1144860
891115043444359,919941
890934235420667,1065612
890870216303024,761238
890353768068593,999244
890270905036886,865658
890090117031791,1125071
889929861257360,799527
889561728435733,1936467
889309485069287,727555
889222515258587,1506427
889196292427420,587478
889163257295243,771664
889127584387854,1017427
889012109316803,664750
888962328707991,1397446
888557802510840,1176989
888426001149906,687853
888381661499236,1002205
888152229834990,712373
888103021989333,1265451
888059193075180,1237286
887850957640314,1424642
887793823935804,1674950
887763027968054,1160849
887574885245679,776884
887509123850164,1219129
887469463047421,1187819
887308250256566,1390821
887254762334196,1558941
887243398250891,1530627
887240351252609,806496
887119267004587,7280738
887001058660921,1223936
886973816311691,1957264
886952578300234,802642
886892945148293,842265
886831768635157,1002671
886815162171291,1312483
886599729323183,641480
886451380220973,806390
886431789000790,818827
886326671148993,779475
886267574705260,819745
886075308648397,753881
886062364413527,982507
885946782432489,1183800
885906978200694,670203
885900195717243,731350
885850185551714,1149570
885515688794776,1465795
885471352260449,717411
885424543932480,759368
885283782485106,901690
884987982044124,656701
884806965940324,674492
884792625180721,1323321
884789604341376,651156
884517020920059,1400027
884419427839770,523911
884314827258560,1654202
884248754580554,889156
884201192353463,1486691
884181532996909,979257
884053782668799,938163
884009523300949,985056
883788522625084,686587
883625308577110,639219
883599556076266,655928
883556303509326,862602
883556027234817,1333208
883537721190721,699748
883473835945520,1213785
883469822725154,1344228
883379658462739,896152
883151624331574,835042
883100593363479,721054
883047020582664,656069
883027290071704,697664
883000161089944,878003
882813155039617,611691
882631886708660,1127682
882448426551346,721002
882446328478647,1050501
882360385374794,1140349
882287343992549,1537561
882206734752749,1244623
882108457631859,1491950
881905727584950,884083
881788143415741,1658056
881713493787886,13758305
881662789039701,733153
881631066576961,767485
881249406745774,833119
880947385241523,557743
880904177245256,1006784
880884650072247,1006305
880824803185303,829337
880824589112731,1515885
880809831503747,935050
880703112604094,681718
880683239909467,807172
880571339738783,936445
880557927382210,714742
879822383266717,489536
879804641844361,1203298
879546234204457,1064944
879493275826506,796493
879310307808247,1092586
879210879145641,846011
878999246554714,1144423
878832048109643,912659
878656018275280,963764
878193171120607,634020
878187875849994,600124
877984424112284,1362135
877779227741423,724072
877726743343517,1266327
877721879652106,903730
877484145504713,1837355
877427513913516,961575
877397977846683,780510
877374417108133,483632
877351050448373,1963434
877073267850959,748361
876683220130287,828040
876646607503530,708073
876410496070134,542096
876357771169134,716900
876341964421891,621526
876315419889439,784463
876261404882216,1028738
876026746989690,836637
875986781965464,822559
875857761751716,713852
875825255537711,967018
875587464160347,852865
875251167935323,825974
875167496543864,727440
874746263177781,1454450
874712078275591,889938
874637301349510,1202774
874567846099816,1934307
874353940727944,771334
874330854721070,1194560
874163702402456,499989
874024295609650,711298
873946464124379,1185819
873770229643243,861176
873737983712876,716004
873298763309461,1272342
873242619010324,621386
873231970821767,1336158
873077243578376,1022920
872924086847790,504877
872905372387546,745039
872610749895567,1188901
872492028579469,691698
872466749665233,1619769
872441610690026,1185327
872364796145401,1309350
872046366546587,1234955
872000145245886,924921
871805640534373,817411
871795030154404,841742
871684546280637,990304
871646500336334,553331
871478603253979,1186720
871477629941160,996029
871033443270473,659102
870898098750771,1237355
870362805642749,951534
870172139710727,840206
870077833636647,1012986
869998343358166,1679664
869971904621194,792371
869777589686733,740823
869749842425510,871427
869699796126661,766917
869554903249384,1598252
869506592972749,950339
869488772359237,782621
869486396570884,768194
869302134742694,937771
869213077301697,710075
869192475311946,1041274
869143989422663,707487
869018095830424,1221725
868777323528249,586611
868700967923344,539101
868691146828864,850601
868637321494953,971629
868570715031994,1061454
868340319063187,1080622
868297012475763,1065656
868194745708647,1032208
868155697842810,7018255
868086628084814,736363
867931493080754,1218275
867778160196326,642646
867499886046796,771143
867467198488934,845467
867380687540733,502203
867346401647517,734133
867213306326886,881454
867143246832621,1425609
866762348088740,1134262
866712084729220,919748
866577066307139,1315210
866406697980281,882198
866376832187426,835560
866118755094773,690888
866063241948530,1475628
866025656062823,713039
866021142695407,962378
865705740201551,829525
865680107264704,1131133
865661279568367,981650
865523305529753,507760
865182280478247,1320271
865068424973876,1145139
865014393928224,768640
864929271871056,742273
864809344027761,826552
864608920221054,563017
864228828787271,920942
864013654360711,959114
863745303367500,687173
863588087275153,897545
863468171064021,890668
863452768677346,880338
862979759790504,778871
862772994935981,1543935
862639726009347,618065
862578990694811,996842
862511142086157,1266760
862326174836786,2433352
862158011421741,917404
862126551599596,849731
862008672279656,633490
861519828020961,740298
861518425621854,574472
861109611803619,1060052
860943245338076,918930
860774610022104,1192083
860764450431499,595575
860594585167670,1011258
860435654101999,2052663
860411780304343,818337
860378501262054,761214
860245508867251,1064693
859889184168013,1028458
859843228381291,933981
859797620939057,938468
859621445372541,1545424
859568314282043,892936
859556360024714,837458
859380227724489,794105
858989283783870,1026365
858807022759674,829549
858607910798090,785019
858495498205726,1395130
858152708201329,863789
858129528484453,669212
858127721723940,882168
858098718058403,795507
857581205836479,1502713
857535550532733,1221725
857461826040083,673339
857400559240371,634059
857344689889164,842225
857272218770249,774658
857169768447009,701040
856779854235409,804115
856754511493590,742134
856456419760329,748377
856122507522699,622502
856026598400684,621702
855833889443841,846059
855717882414069,631900
855559771975600,1099198
854911803420806,802682
854873748730294,617294
854766165913811,931755
854747124530123,1193121
854628142426344,925781
854572140180713,1438708
854431252615587,881490
854411854541127,824134
854273505872957,773693
854015894087169,892222
853986375245583,958267
853938238884936,1191098
853810395795490,612686
853796568868259,1068286
853781681817753,625211
853334797142697,538699
853332295474733,500853
853109655411383,884046
852879187680493,733073
852776726699804,685776
852658789160747,503290
852632951616924,879927
852629753243837,736028
852433820961269,810184
852426725073901,1345665
852402135402607,1712422
852017888042267,1406867
851960047309153,1126675
851825930370190,1632591
851465380054154,976162
851297184329590,812439
851296611229119,686641
851159489811759,1582283
851136511470987,1281442
850942606750433,1094866
850877042185293,1031876
850666779637524,832088
850652806890810,797697
850638141404294,13440443
850615969247500,967880
850614941311599,692666
850458031295744,1033222
850375612856267,831170
850344851545893,1003883
850255521289899,814958
850182051133711,923740
850056394687599,727308
849773220355506,962257
849734469592307,664576
849579652251746,727839
849546123162064,1121525
849388578061690,898287
849219095613590,1212402
849112803293230,1028458
848911865690777,619104
848826713643224,620492
848751698336350,1370681
848650760446637,961302
848643625956033,661546
848575764357464,603836
848398453187191,937141
848380078015677,724939
847994759628257,1168344
847556977831599,817734
847528410012629,3533205
847340871898833,1485451
847239394367644,941620
847218611655416,493495
847136676734599,876149
847077174825204,1322363
847059866753900,670323
846963365155974,1131332
846958567106961,727896
846938566769490,607025
846710494124283,1117643
846600438134739,1905210
846556735142501,809179
846253023410263,653371
846247293129864,1014130
846017274504066,877512
845889784002426,984939
845710341412537,963698
845674946360070,9080645
845101448983651,2315073
845036149479493,913832
845006326515007,1194913
844629097414077,15053431
844510705312180,1159980
844446608093639,1400729
844440395033850,916564
844187829913496,598041
844129652460826,930458
843811860315383,953546
843792765763347,708639
843627066940776,1121923
843452443090013,772649
843391980230239,898550
843124101091660,717921
843014978454411,718350
843008308471823,741450
842572295185571,969266
842540685104364,1048123
842531168265454,755265
842505184401530,911132
842357879471886,2642102
842251927111617,1250381
841689888091411,970402
841571225242944,997223
841283064836417,1043590
841188528622724,1369127
841003372297249,1119158
840929411196850,798867
840841905380301,934905
840841778286680,1039868
840091074046584,1399256
839861277843973,837946
839699850818780,720464
839462517725634,775355
839445876079076,987287
839296733289137,1898488
839003087466094,1354734
838837948393293,997911
838781366881336,1209721
838736592512939,1321421
838535257232836,712975
838398268654946,967036
838271222853953,946307
838183966634643,1084206
838101657193810,1255055
837893574588986,1124457
837850393441963,852507
837733854916861,854420
837677334563117,1146825
837582004708987,1207981
837381619411911,1020527
837198481391613,1843804
837004792676364,683613
836932900757413,1173308
836709238484317,1791994
836547778251009,876068
836447867901601,1477367
836250833791804,740898
836249918796674,1198196
836243946216961,701303
835917077875221,1006238
835639399081769,693668
835368393092934,973109
835366746320847,867970
835350711163231,911914
835318906221586,634730
835311230146909,904335
835278238807689,571850
835277508782990,863470
835213494222146,624291
835092551563763,885275
834710336580333,1212819
834657694745120,996371
834625876009146,1141470
834586805081509,561463
834452892616647,524229
834450498167947,999745
834410766210039,1427327
834365743413609,712452
834200284015130,786861
834053264604597,1040911
833927484923610,663287
833898086531683,727062
833884531942323,854916
833882821904446,3882638
833783917985013,1175448
833646220333520,659337
833437065597477,957951
833401738502447,1510284
833322625366856,731610
833233647152050,541600
833139433152384,1003439
832989539947459,608794
832966120424939,1127079
832937990554594,989372
832833495911154,654120
832717485463281,1250316
832575976916941,726271
832522718246741,873956
832379211644916,595866
832103739471140,757430
831826904304789,612272
831822939203469,986601
831822006517261,941910
831737265323396,733013
831584012106240,732253
831558548317043,1068582
831503674722897,870893
831332988675693,597374
831184938082001,1107438
831101859619619,898895
831060434797447,772509
831023139980269,751564
831020595727393,698092
830781996747213,922103
830663673241279,1067250
830593565201817,1079706
830577125153981,1086819
830556277904593,742145
830373147832991,605043
830322722307179,1122637
830133774578433,905677
830026360324144,804726
829976718745411,815043
829751286299576,1163355
829734531864606,705538
829542365573750,485889
829520449000973,875324
829411981706313,1015015
829353196148389,1495070
829084776132510,688418
829052825824257,1049065
829048526336144,1654326
829030670165274,643779
828797955908449,704178
828771697325716,2082728
828691629490634,614680
828300992300610,601077
828149657861417,793565
828016974675281,987418
827949514017631,618876
827911860325403,1198865
827463389777264,778377
827442382507920,694577
827414654626527,1833477
827349066635247,1252200
827349037963624,654045
827193751903430,675442
826957723873343,1147604
826854241572484,751501
826854126690107,695033
826849368468939,761988
826832679902014,783257
826800426924429,1055745
826592395820991,1589641
826481747123009,747201
826445134412390,698047
826370208822440,545237
826239818416743,921431
826135373617043,622182
826087802675263,643144
825810176656856,1073500
825745742203943,742360
825689039625984,1106796
825278085799177,1060136
825196425105941,967193
825136259388443,1322467
825076861366773,1018149
824833140854179,845055
824787560505796,856340
824728361536416,826192
824504558006613,679908
824457721560063,825105
824401172943794,887615
824157140923164,588262
824120338106141,737825
823487339693924,1176577
823315935351466,5863944
823299410885583,987526
823295816350237,686249
822977855370674,1147369
822941525110257,519447
822914889120900,1056574
822744955460450,1215024
822668052967781,1432066
822564518107471,1098451
822546686278979,943040
822527395930303,1475936
821883194986139,785563
821873946654467,1529032
821784299580246,895703
821656551963054,882718
821603500963660,489618
821559158962404,1114754
821559028311044,1494584
821496456866773,1053516
821406942811267,1048640
821212513459413,926680
821036215261550,947294
820583197628259,954066
820551504692166,1216946
820451168758781,652705
820429274269787,823557
819950782138357,730864
819919777389239,1317160
819865672901403,814308
819717489996516,5207075
819449167522494,1049646
819447372362356,777333
819369198834167,773485
819032264961297,829433
818925607461267,1318501
818756197378639,975075
818707425468431,659450
818603720230457,633919
818578874464731,1319464
818424748987637,1020902
818398127861273,849591
818394256288791,563470
818331920462609,1120564
818279342264700,774556
818239827985141,14306957
818195243330054,598579
818070746414444,707913
817999187304979,543606
817965399710737,608085
817950604615817,1065882
817442089396431,6443438
817387423136883,1162369
817366386177501,766305
817362484985240,634972
817354081463486,730448
817222287780870,540872
817172275994816,627914
816793053986601,931698
816566627366961,953171
816436861691270,979270
816260143605051,621586
816260072375117,691484
816225315981661,973059
816037599021506,697228
815974170779946,823894
815874133827439,632835
815681472569397,842838
815628202096959,1280135
815610858122819,1148647
815554782207720,1263977
815504549723756,1840495
815261346327571,1125197
815176510654670,743007
815065920165803,1558377
815046553887040,1277493
814984479244253,945040
814947855705284,511835
814626148295287,577790
814361769556039,953231
814344245422350,1598503
814294087129601,972522
814031977425334,955667
813990863487276,792579
813932650135437,900649
813883233965331,631996
813707858471750,1377371
813372421806221,736835
813226385265894,577482
813110409452914,1237098
812997337763446,995906
812945484852051,600754
812745614093296,1151524
812631774044521,1131268
812541328553893,790316
812526051051210,961537
812518466823539,785570
812459205168851,845921
812438119647360,925998
812230499096896,865843
812028992236480,1122665
811820104246000,1449149
811581791400950,950351
811501613484766,2005221
811438813467564,891598
811368966992891,1178920
811341905109729,805528
811243248429764,925493
810981473274673,788190
810846699624469,827222
810819268593907,788007
810645506020624,1407263
810629142084153,886996
810372883177994,988685
810205102890866,921873
810009336640976,701080
809790469734463,772317
809691278281373,786422
809668372255879,788407
809571641144064,780675
809188211662367,594126
808886540937191,1143407
808845357248464,743647
808665539736406,1310514
808637497832340,1258922
808564418857639,1013858
808504355067584,1446547
808373089024021,824787
808261740852276,673692
807994153689346,915409
807742645272769,876262
807654085403979,512232
807502564478654,620034
807467792378917,1096665
807419285654280,765572
807215842761304,1058393
807180451551220,1810317
807062802928936,710626
807036491437641,643847
806814009798644,1165299
806472610410323,613098
806127639695727,1029011
805864924215169,1048394
805792421399244,740737
805647962320039,1136122
805553021264133,868572
805438751489209,760711
805288605533129,901339
805268595109940,978202
805228376127079,721021
805207631037114,6256218
805128205672883,853436
804832012487591,1340239
804513937446501,1070931
804426456412559,1281197
804033331278239,853341
804019733539300,935472
803855700594370,1101873
803826490224226,618504
803749931773660,1423146
803727276789027,744067
803333651922169,1178026
803328119875437,1150817
803172433955457,810702
803031912055646,925837
803023632716591,704475
802906158537377,1341472
802882748276083,632264
802567039081773,5023281
802518429297403,1635178
802433472593404,899029
802217328684123,579096
802192806203283,753023
802164220554707,794149
802127488457904,2581190
801822844991387,714276
801693222231161,1808956
801323926738583,750205
800729321983253,1013804
800696925889801,957191
800646556401670,1046954
800600230878296,1095039
800102873509657,973520
800096967681600,924201
800053422911659,1098257
800037577901119,502895
800014259589221,1265967
799968760542516,868439
799968470027656,1022827
799726638948324,701001
799489379870353,1332104
799267130175933,1322582
799198465260427,1022957
798963449785710,776742
798785737732409,814811
798701608050649,664696
798669144200066,1068049
798254199309373,1318790
797756637442640,506338
797642239368164,781748
797329482403700,758660
797066972260163,1115997
796998817158356,7356215
796950273732913,958126
796681320228626,1121980
796547558037820,659039
796284855428714,1117522
796251603370589,1300690
796246810031424,831434
796245088822397,1176377
796194597999307,1064153
796009630158060,602585
795459521243786,920715
795243512364964,784541
795072660428046,1369200
794702739170113,1134931
794509580527323,1384972
794434099067253,726319
794243895082030,1023581
794124045963377,981852
794007349483319,697584
793956672660094,646916
793753881338191,645900
793700726197066,874540
793545967518756,558082
793334393166211,1416474
793322500127449,2041474
793298860301321,887220
793267258550701,771343
793192505668176,1226361
793182782965831,648962
792993174169300,627467
792891233123951,701424
792752950987180,562979
792436458161827,1538199
792277107074050,1060731
792237310750946,565687
792197863848407,714767
792086924613460,1110218
792051882407413,2255866
792015258333249,1229101
791883400901097,825221
791877791413670,1280051
791624313633947,638921
791605213114621,967572
791559420403789,734970
791403685011343,1047267
791402780796753,862050
791296232233230,1408370
791229036422034,1192377
791166768039586,650043
790783386419847,1085006
790664388966294,1249815
790618973921079,984719
790545513427516,790661
790032165852620,806826
789867224560049,596042
789748191354941,588831
789730687009691,599876
789672412854393,1248375
789647394274583,1260604
789544787044874,898766
789465045514687,729761
789455603023830,721724
789288136604659,1100234
789149999141476,1038967
789022935707256,774491
788985294420413,1235321
788969062636226,798804
788882530633601,2502275
788690976463756,1308788
788641590287424,729501
788379817045184,1601003
788255472308479,827320
788227737899981,818134
788037284170126,948185
788002039357286,750010
787995250926664,721136
787335410256171,1221054
787261293826464,1653267
787213685575169,1775524
786942601586377,1896875
786851552519757,848097
786761878234893,1060072
786555145609711,727200
786522373908700,895805
786508513912543,1188823
786433603113710,1002770
786301547144659,942693
786299558370023,1041360
785990492147079,862519
785937644482824,637898
785690933285520,877217
785503991068426,610276
785398757178186,9000000
785364632544959,1444732
785356296868627,581505
785164759941961,857694
785055917803076,860200
784978541961874,618666
784776652904044,1407423
784704736932861,1002913
784676783546946,1281796
784638589664779,621756
784559696228220,1005179
784509767699840,1013842
784448358464080,1325795
784397362624769,609555
784301401550953,1148891
783959624645199,875461
783732599740037,788482
783652059215597,604871
783613888068434,657999
783587618875759,1327552
783527436756589,1455864
783336957630621,720995
783121143441400,801216
783043049979851,851030
782474967323720,707512
782353181143769,981340
782338518940629,1280480
782335296268803,812964
782243228906429,666502
782073437305253,923912
781917767562457,1226694
781740039801734,1090281
781684748842531,1049670
781397256912903,1072001
781088621500243,1130631
781013435514600,1689921
780422385447526,756449
780175916405824,994871
780120006296907,697628
780113885491443,634515
780078958911791,1233910
779829605267613,748764
779476241997040,1087439
779347723954127,728279
779292226984844,1232184
778989222089063,1278730
778970410348537,939589
778738041776720,826127
778404688962899,1292254
778280841188040,723785
777896628119833,1130918
777834883565247,1315445
777619946219790,735824
777440276685593,766245
777334888632193,912754
777256297618209,733828
777150781360907,851435
776975833294796,1239583
776714705066813,877736
776304141334644,668456
776287898431331,1183395
776250476793164,703180
776229077814720,1156237
776155747542997,626874
775891875754954,1182897
775883343255053,532485
775843311879689,528264
775783091232556,805659
775768445338347,775208
775660258358404,635188
775572552295119,664621
775545970420214,764031
775507000153596,929025
775319329521283,709215
775219468906903,667905
775008862661274,638209
774905826889921,1224436
774642884118084,707720
774581709985710,990994
774480730401337,1481658
774461598301541,970894
774318608109951,1912915
774277028167604,1206781
774163536749703,1132863
773948497585794,998868
773852147471073,759110
773362466290626,653805
773261938310169,929174
773089343052934,470297
773051992217596,1297745
772874954486086,633110
772765354323816,819987
772660361236589,871631
772645401454666,764800
772595505561593,1042459
772417425569339,1115969
772397819946119,680575
772302496112633,1518931
772292751990040,779926
772231737612464,1123606
772146797264176,715253
772091595146766,574181
772027891616263,932221
771904353590323,1274519
771677724939960,1439157
771643721276873,2745871
771621325070257,814131
771366429115410,1176705
771350192057450,775801
771347575725466,1303128
771337505036114,1002119
771302563254766,1203934
771035019012766,746089
770771332854817,788405
770545696396364,2111597
770433393612630,1186482
770322971100780,1077193
770309393559164,831416
770239805198507,775246
770228318732941,643864
770149426461507,782837
769923355042304,887432
769852313867943,1444998
769663329091871,780786
769605606526644,666360
769547296558143,840036
769273312587289,726796
768875823597920,1280863
768594339249176,728827
768569671563949,884214
768505917005664,916138
768428412820349,1180941
768366064284507,1539447
768108796532467,759270
768019869774881,1304460
767959575170943,941265
767644351843613,1028477
767394776472767,667863
767366648250804,812005
767214918506361,1004190
767211717006333,1794076
767176144783466,916620
767128174002864,927227
767015937735906,860057
766986948132659,1003790
766894262915397,739230
766780001260633,1647548
766702812556483,1009518
766576545194161,595678
766400473793190,865462
766383341672284,1278460
766262393357609,1383045
766253715078329,496468
766240374616350,837464
765990588034967,1345365
765896447046407,1327009
765856090147206,897816
765832815410556,1157243
765719217656861,608011
765658654072904,843809
765609506684913,761650
765458218971393,1390952
765175249728159,924873
765032793822553,1130398
764999304077230,796727
764911609670324,1072490
764876198925580,571902
764833581116066,484665
764545048744991,1313882
764461711979386,1336372
764339027008223,1034271
764326241534240,802910
764267645915324,1043216
764186661529444,721960
763898014194820,660111
763585834964353,851763
763541526466230,956164
763509857335664,558826
763291239428517,870946
763093598597906,1048222
763039194757747,611591
762997206171170,758382
762935078849781,597567
762803412690214,1141633
762725192774527,536556
762204586335667,677676
762126494899496,544295
762038899749479,778192
761919236450567,563189
761813871132691,630443
761765483958011,823990
761726321864456,881010
761542459903081,1531356
761532669542224,2357666
761425936719540,790215
761338385462081,1182646
761141573315470,748919
761105572976426,672524
760995063558173,771675
760885412020723,1240633
760839291717659,860569
760759808438607,1078111
760737003169186,1123949
760691777927220,824859
760651331215204,750479
760584178473873,1258616
760570183420066,952648
760430664852473,2082459
760349583042767,764833
760329095869836,1422126
759944754005427,621606
759824043496289,618870
759354397818191,817507
759295396628256,800616
759288731181780,1322047
759023745977050,1157112
758925327919626,1242931
758922857009614,759078
758732714321531,1183623
758719333505983,1227974
758692592547343,742920
758578402991636,609202
758486771050154,795615
758368958593040,1530443
758321442584837,845187
758262658663207,1004736
758207274259540,1417937
758187118946433,749249
758157678845826,1490206
758156840336367,1272547
758064102058961,750423
757978273232257,7859382
757898802160701,9691412
757817376698103,988950
757787677796531,880926
757773156631896,1222546
757669101954656,1123080
757661975965299,669300
757634246654924,872905
757464091706644,1296679
757447901536007,1168958
757221847306114,884475
757196368753339,825381
757104062915666,982113
757013409145229,1031990
757010651680364,535074
756999252108051,832849
756835677501523,1172597
756684046700269,759754
756634455526526,623159
756238223212247,811093
756208796155864,740245
756193907288470,727718
755611411401860,739173
755554213281540,975608
755447872467646,1549997
755371623714901,835817
755244882157183,999620
754891047301996,1422114
754776166664150,793167
754728171051631,1679722
754600679175411,1050531
754467391284114,1450304
754430273239966,800834
754065888141611,729763
754055712367714,785407
753930489101986,884032
753837860257909,2173530
753646010239713,1532498
753484953880444,949477
753407501590910,955786
753364610623810,565433
753138878517600,728925
753016763205196,1413058
752793141966356,806600
752655246774334,1357232
752558382458940,805159
752431756047154,1130108
752354225461437,1499964
752295791034399,735324
752068999030853,941527
751955750586917,741337
751831145094719,767154
751683637064737,863585
751393049405344,637329
751222723854333,561722
751128940321406,1203217
751049542180824,2465087
750880415193887,923277
750769114470053,912246
750671708018606,841602
750548204410581,871632
750542815543956,1060080
750530944277311,2062728
750347464231146,682316
750082088816346,961163
750055204131243,1006838
750014241132046,492316
749828468860376,1001212
749800006954094,1425064
749779139877983,680880
749749373508046,780417
749686378728149,1214687
749650797765221,1148804
749597451087743,749455
749587881523571,799511
749492981101166,1150665
749402816336300,1296762
749320853918257,1164796
749320697315037,911477
748795204965541,1478944
748639786639691,1231372
748616272093646,861298
748609952361830,970459
748561206515830,1154608
748490017030694,1011265
748321870842344,940447
748172215751243,721773
748129235851571,961183
747911256721461,1273616
747750946148267,755101
747429402349024,1191726
747243272366041,701724
747168802689367,1002360
747161825268517,1365181
747010472706613,939381
747009081404411,575695
746904187783533,1284392
746901145279890,678677
746877857217409,1014628
746810512285827,576507
746782610448559,1029577
746587566909417,636530
745957370084230,808480
745727874132231,1531919
745627758963911,1643347
745327631652739,783796
745320833278976,650598
745278293329911,1269629
745220597811166,783553
745214404557737,1376237
745089664390493,1658335
744997042396280,701399
744996155172551,1012323
744825288516966,645884
744806418540689,705371
744712662401100,1115809
744691742304801,898275
744571399010996,608796
744343363673171,1191927
744256575256857,557298
744186290582080,1546965
743908871742911,927861
743753487193559,746670
743703979802589,765374
743344969804776,692252
743310700073930,740001
743065321648729,1629711
742986723532181,720744
742542008402443,736561
742379746134967,614726
742329151297724,865421
742145590468324,1110997
741934707025751,909587
741743071072853,777285
741705851797173,807634
741631706813539,806677
741513402663443,726992
741405684611231,699512
741374424492893,810411
741235497322546,603386
741225694854343,768133
741035629218314,1158721
740965016492131,1342874
740616245345004,626059
740527053236036,817009
740449961367946,773799
740404539296944,641192
740060907880473,1171469
739999852665853,1461803
739990250858029,1290564
739983527445530,7730968
739931534283573,770364
739354765091490,819805
739319709770819,807867
739313950576949,1165352
739196695913963,1151519
739157316855053,596503
739056216187680,864523
739048928575103,828813
739036021457420,766248
738983349935830,629575
738944946282283,743495
738873123755199,1130422
738822631810920,939746
738706116226829,1239635
738639591591340,1390425
738580913987471,736876
738573815181424,733674
738424711576353,775916
738348806525931,1277553
738338343736147,1118378
738191744026487,935007
738145271497539,843574
738000815125977,955219
737991674839253,1149524
737795530151677,735128
737367547356783,494078
737360399812163,863657
737298686182841,881065
737265144016570,1083722
737054546073011,1076011
737040894127224,656572
736765898459329,945125
736708308082456,1124127
736583210893781,695639
736529216879591,1698450
736515290080594,716682
736469783461627,729475
736414103256367,1187315
736024106516171,1499637
735972917566757,710669
735873089295651,898376
735586444317886,735339
735567493642886,691659
735549891010260,995396
735154315578270,1185208
735110321676910,678710
735099355802936,1952509
735073985754914,1425596
735071507364484,686898
735044291442170,838668
734754005947514,985297
734588870479424,802064
734535330236510,1116361
734343359666107,1136432
734321111812779,1572839
734265691883530,817319
734219653802209,760712
733868207899166,1138748
733805711079719,619005
733733823825706,1052919
733560544010311,1315553
733470353413221,1108583
733421162366480,718366
733333581547303,973054
733207421313680,605296
733058692662730,632538
732964121684250,654467
732748471402301,1171004
732597058825264,1265575
732496141905821,907798
732165268523510,916053
731901973001809,673581
731885956639466,563832
731799971807926,1192267
731611333165984,1109754
731568085583821,949821
731518784506107,988976
731338063265357,794706
731308295011086,821622
731294786200684,571772
731290351848103,1155282
731159493863857,1542841
731123829589161,1086423
731058180930650,909127
731050146581347,790804
730737685897993,677984
730593325062524,1304978
730568584591021,1119074
730528682328781,826170
730455958032306,863129
729883978527466,1674963
729846611514976,522135
729838759727110,753604
729837023712826,906847
729674416235836,799311
729483791034394,991566
729463275865923,977515
729389388648921,835324
729366169871121,693258
729180088159121,641239
728950118876143,1156803
728898474886973,985263
728763044859659,1393102
728373180223030,763577
728300769937136,627357
728142901909203,927330
728129531335043,878199
728119702831350,1433172
728020604205960,690391
727919678975656,1043863
727538065289343,805422
727092049368089,714546
726990717320891,863056
726978337226634,1149840
726942484703339,705031
726898665193729,580972
726799308265723,993953
726788118221179,1161211
726770010057256,758776
726682775160100,891248
726604850968949,818399
726552367628363,1247830
726277133415720,558303
726255811800350,1144464
726192193298493,1357577
726015845230893,856636
725951062811540,699359
725874395871979,601567
725833671555553,1356094
725677779298564,983005
725647769440023,1521894
725172765321631,1170348
725105962872354,1525526
724888466171827,962235
724776611282013,1137411
724659705391740,839602
724525186368590,788842
724426025326456,1680789
724396868820537,901943
724280232523223,1303824
724108828930233,947747
723943007295913,804102
723845815615343,1203561
723453915307554,950161
723287882895366,1360924
723246206471013,598181
722832336608410,1410046
722669927552553,732126
722524238834147,693089
722135695594280,770846
721788538804800,875894
721709656305014,795418
721518578649146,643723
721476440427757,1096844
721308749757273,1519372
721232695866444,1281952
721169108607397,800474
721162986610820,1094754
721053364394749,1107278
721001456421894,661902
720930018088101,876580
720896079133923,668669
720850320601743,885439
720824996656587,1254001
720735561274047,1041289
720572087803253,540788
720467653125593,809646
720440336380780,910758
720161919936770,1492755
719679877604190,941071
719608918522184,841438
719552985649237,1169667
719498355012444,774848
719313921192696,1068016
719202719431799,676726
719200567420096,895245
719025781807190,693898
718943395614366,856400
718753872215269,838770
718643023160290,677292
718488306712221,771883
718361806230219,757908
718358824237194,1084452
718204895735169,770231
718149809562839,1355746
717642628032736,766026
717392106787731,831883
717173296594896,1116787
717164948292761,690160
717108251698337,784410
717049067082244,738028
716787508483530,1334174
716604423306947,1002150
716054406379109,30363800
716027048613467,1155156
715888313333006,922359
715859628725047,994047
715568496415496,860416
715323041653763,756006
715018847000947,752026
714900727872723,996773
714753873792549,694274
714735643873939,1122357
714551452848444,897701
714538039716826,1391991
714534702807441,1223653
714375708090123,634630
714370913241533,964022
714321022969491,1044327
713921549237840,1127108
713865005303907,749944
713858404916347,841872
713758059901270,636558
713503309074683,548450
712864128340223,981764
712825273321884,758828
712807307799247,1782548
712790424378021,946998
712773698310110,847480
712670142893934,769234
712662158675770,1529716
712605149847970,786110
712522109112533,961040
712515992177900,735896
712348587158379,1558533
712024373277027,1030031
711917420980361,576804
711865790928306,713957
711826968231534,1910536
711787602218027,849516
711561501070666,1316961
711369533265720,887928
710909077177830,700651
710794954045476,859283
710708485733411,696012
710408267905244,1113299
710326070933327,882313
710110308553443,1079134
710100725889490,923348
710048676014257,868006
709432459140451,718987
709056894478147,864096
708766242742354,1142637
708763511433343,760755
708653753411890,530271
708431183107800,6370197
708326129189349,1603497
708293694276714,793254
708234101430087,1478943
708019790704664,683714
707774774834869,748129
707656604990041,1289270
707481390572071,763249
707427032179790,939489
707387213673273,1102241
707320204313584,584748
707244731119684,548319
707217467797356,919714
706703639247486,1366207
706587199218446,569730
706559527918800,1283604
706433471469011,1298685
706406913595740,705915
706401585974643,582886
706349919689394,1019622
706166306467620,1346336
706068723330167,1504030
705973473757804,1375030
705626675846066,1230377
705351859903714,733263
704730344986504,1709612
704676210707474,961002
704363453279537,1479671
704274852344461,1365552
704249035619463,633901
703896066561931,808812
703849521401573,5433221
703777627907924,588071
703752717731841,625921
703744157484259,1138043
703729499783337,914220
703581268688006,1001526
703559822602614,1684419
703556751120710,779958
703506055322921,1219622
703427632747281,1186896
703413645300900,1115687
702728007674700,1461381
702478121526021,799676
702312628818731,824047
702308786183001,809324
702063957190286,733296
701977045555536,850057
701749749821094,731756
701596888151219,854455
701055003094530,1167478
700867291134646,827914
700860791956131,1061742
700772889456029,490746
700578767062657,747338
700576974072507,1495437
700455754610041,857125
700446002497471,640701
700411710118307,1005069
700368339135154,608864
700356574108100,1207150
700246189750340,682216
700167686730167,728237
699991116597450,843810
699826186831194,832199
699776788701389,885932
699389005644499,683841
699378065195607,751609
699092280459246,980513
698979162880607,728530
698794849181529,748000
698554596740551,820643
698212093997273,1042109
698135413097721,1349362
698111855071186,792513
697760722995200,739251
697591225800297,590255
697522257858516,1123756
697423984448934,754628
697320459003520,753307
697162728855423,791551
697065466687021,799206
696769148195104,717503
696760190532167,1449984
696640458287563,985216
696523945754094,920282
696446388155600,887101
696425265526681,614608
696219936903741,638008
696197457368804,908640
695300632245959,873538
695279454548630,1244250
695087956410430,605907
694876737834649,1436698
694861216629066,636541
694680279088359,1899585
694613763740989,923530
694462322556667,1231538
694430150566389,977777
694271251311021,782785
694169525571874,1575944
693960734081687,992767
693958850741197,1794042
693929533593884,872624
693760570198247,1273829
693660312236884,836430
693456455604556,1083096
693323170827209,874183
693276302397949,958277
693257959722063,860830
693175662990377,689591
693164588975920,1215039
692993064805774,1090317
692932634370603,900854
692923314862533,1538934
692858886588859,1099763
692749271864674,1194354
692639197425439,680464
692606995327000,2558473
692578188283081,916055
692513459338193,1066684
692498928156226,721721
692302576027601,948674
692295525359783,602094
692113365359933,697180
692084895964393,969677
691857930745746,1009967
691703868112536,980310
691694873328667,780818
691686321063544,638022
691637688060714,857013
691630005771600,815539
691506980654717,708738
691404938959457,795956
691279834186803,840603
691085384140209,851208
691004937462889,966646
690853984165413,579735
690846429321919,951786
690789267300854,646446
690421622941996,1702179
690376173004683,1106074
690033720277721,900277
689743102494446,851202
689654583419061,1247782
689640049702609,737313
689330949687750,903144
689310355282839,1193678
689237773426286,1083517
689165104813199,1814481
688904519288001,844026
688643324392004,963702
688494644204127,756158
688389840887934,855100
688353500007523,867713
688310312068913,560257
687985861091599,1029180
687772888202999,991656
687458526905799,1236887
687249954219997,626052
687011016228076,1249903
686956464306679,777719
686834884570397,621044
686750293462399,889083
686519252187106,1189679
686515795364689,546496
686475604348881,984565
686391747811940,705657
686288538980484,949922
686138645027574,1140365
686099538371697,1022893
685998927127686,788098
685955809531334,733910
685592620633614,712796
685541597568459,701375
685382390777519,9358071
685159060161251,953765
684577684779679,680771
684548245103649,820816
684355639994839,502582
684286269038791,555980
684104240026550,1667864
684089442297251,1109352
684073400355957,1712126
683956934238011,1300446
683935796490434,963395
683715457519776,1059572
683605726005143,1366922
683602956270301,644010
683489822730989,673901
683370202555547,589467
683199516861996,966736
683029177064439,1104873
682957010249236,667572
682867077555069,1027208
682694668660233,1035752
682502528279090,818839
682177269851846,610835
681878333545800,1325419
681850126017819,856609
681793077572806,1244316
681782055990564,991206
681621223093097,1489741
681618680172394,1011037
681598036127509,789886
681557017759909,534708
681477293801659,1112707
681411293837753,869428
681287913267946,899141
681190717823926,1066397
680885752053193,2200033
680804209440894,1058896
680708363880641,846728
680635496581883,762284
680442640052644,977500
680375359154850,780313
679955988790199,737395
679898347442079,1106544
679839012034607,585849
679762700881914,743739
679687751016901,1751261
679268277413901,773700
679245410477717,832267
679242632724679,646726
679202000223326,1126437
679010210141163,777844
678863456747313,724738
678790583123441,1265027
678614921503747,703610
678559133310939,563362
678514313399253,1472986
678508038156501,1523755
678448357690766,1232703
678394486844704,1296321
678371740095277,784847
678355877278256,1113737
677924498369053,1050307
677912832617640,993177
677820444467666,720347
677554877393231,973863
677515508777559,965485
677467649191101,932281
677216555425714,677935
677101457560166,851591
677016161126644,1613450
676538822165694,603471
676336670327556,587084
676293051348076,790250
676132465341431,853440
675882167433091,1844285
675875427876154,806787
675690002684221,757363
675626388843430,1056844
675592676658106,829635
675529752385800,530186
675498510547660,12394670
675429398049606,956235
675156801286403,1011283
675112799417674,1661333
675029524213354,710260
674949270884230,899502
674828604956913,970384
674823645901000,1024387
674630119738356,984125
674369547950359,1070959
673983247675111,823551
673931609463473,752001
673842321162209,666492
673756911877337,718411
673711796210774,729298
673701065261491,989325
673640881260601,1488097
673559480708887,616259
673346649567144,668312
673300423430520,693495
673177301630801,823346
672808509343627,696460
672776246686464,1465390
672673556846616,651422
672652285641270,1026314
672580377215221,1071492
672570208884759,1049302
672330677416994,1584134
672260386868744,968254
672223341502853,1374658
671963643650447,762627
671860150633723,1022685
671852836109690,1209627
671833863453317,867807
671641129556964,1108194
671569120176857,981274
671268767887230,1216604
671226903424723,643698
671142892207754,840181
671087709911829,729093
671028044296919,1073085
670978562760710,713735
670955412942010,1001344
670891336570879,1657247
670741832031243,925746
670674636464046,1208131
670470917272621,848301
670432916464077,738027
670386567296101,976622
670355622987643,608670
669912026830733,770860
669677262168067,1103459
669673887563147,676735
669664584820721,1509453
669614181278606,979734
669605210898191,810290
669562845941633,1262059
669538182316481,811007
669512084377724,723336
669039875460754,884067
669021873414816,813688
668860031790781,1184743
668825450997573,816643
668752782020866,1080454
668498331364081,700772
668435627093056,829358
668398980966674,843212
668392644790104,864303
668225243305533,920012
668125296088541,714708
667720901992717,773278
667646560682184,1216264
667265881405421,605909
667051634375229,722553
666908931511750,948938
666879513312206,1199460
666799286636267,1148324
666618440764509,928934
666401204113257,719472
666103165515377,1228306
666048378186784,725482
665667031474321,1105547
665579529458849,1104842
665509055721674,1158662
665508527948929,7869663
665490961128440,1243773
665415477194286,903847
665092472448026,675217
664830863685450,622391
664825316902190,851327
664350960128570,756931
664209414231026,1246605
664059946544990,1143288
664020328961103,1626781
663853289198411,1214005
663793382381174,1303619
663632857352647,617147
663556797594556,730620
663318207963477,2033134
662958726296797,1627412
662899424097586,683993
662738696601697,1106136
662700403502329,502838
662525035051950,811374
661913990523406,560916
661872318269586,594130
661458054448641,1083954
661422696317913,1131695
661236951832620,819547
661010191839221,900600
660822657589086,780353
660734754197854,806206
660734690893404,622042
660375547357464,673237
660315315240863,1207855
660266843461114,996285
660266395654497,818660
660117973938793,881085
660093635153679,783905
660087763071554,697256
660021172634563,891254
659997715173997,939188
659590797339696,724043
659558420188163,754347
659267319340053,618894
659232916710011,998540
659124019220350,853451
658960119600356,657376
658954983644803,647987
658921535952324,669403
658883850204461,756556
658811562523553,1130243
658705219835667,1401729
658699626063554,1464274
658175971048010,877845
658152916991943,763738
657888839113521,940231
657805557721103,1292283
657773897060401,1444977
657549978357491,722541
657463010109853,871167
657349490664446,629632
657277899059061,686447
657122634800477,1200775
657107358117919,1164347
656876683240264,847956
656872619777471,674496
656859967904420,1067363
656797751031391,1294310
656600910121777,868940
656428017059826,1259440
656399280814466,1273685
656298690775567,795853
656130467987951,1333522
656106672836810,950436
656042249184461,1088051
655808284992827,932356
655714249455960,590924
655481134101754,786753
655445056448254,1639940
655283655805461,988320
655197395008403,705248
655103556361939,946883
655059703008243,891276
654962735506661,950410
654685447054360,967020
654544070426923,911462
654452622171577,840327
654353564645791,1277468
654173321445963,667559
654167674790754,791545
654055639174729,670950
654005890857423,794733
653807874244016,1394138
653650168919041,1782195
653631221051107,729502
653480015455277,941057
653346060048629,948816
653324035341513,946970
653128692289977,591467
653089686400127,660776
653070247332689,923741
652685830811690,583005
652353564859776,926680
652349236218779,674998
652331303104327,1160970
652297041630486,1288944
652162458112413,1014627
652110776272814,1120530
651961686320706,832380
651908884398074,573901
651602293347516,825976
651303641101214,743320
651281500087960,601558
651146081716649,707956
650840587882763,1221814
650695623944994,1186711
650663759727019,745178
650649641710099,561978
650645553831563,1014005
650641764825129,666141
650624575398661,741177
650468970059836,544058
650305057821091,1751038
649774260754037,594135
649602327075466,1376241
649431416472296,1745600
649403315857940,839508
649163936285569,1461700
648909167259189,875024
648815836814933,872440
648697413762956,1047864
648372897132443,920881
648166159660884,647723
648114356675189,1214329
647933318480119,1044451
647877930853643,1126194
647804155595653,764564
647721516254906,551812
647627558917711,983735
647584620532017,712041
647549688455730,809583
647448224242139,580132
647241585280597,1381947
647151562011856,1119919
647058943905980,1283076
646726414917231,767300
646554133789467,1126144
646359949902311,1047637
646338231625129,587911
646109103401034,975056
645940586527330,917048
645874400197957,627142
645589855148700,1669421
645549215847867,862543
645392133764887,1400957
645158121714661,1059912
645078092197403,695446
644752801048783,1257338
644750084780561,866503
644695327717644,1213261
644363946677287,1009225
644312128756821,745870
643994776759883,689369
643745703741817,810220
643597014056721,1481322
643579094982799,850044
643484387431127,791949
643437935423966,642440
643366877090809,732982
643355139790211,687757
643342365496404,1136296
643338614293311,1320552
643304826560367,1214642
643163914115979,1083922
643117188010733,1270194
643079060139033,1156022
643078899478374,692394
643051070438279,1028458
642947868173209,1375421
642701411167949,816062
642501674214777,878735
642378968010190,1606390
642377991168260,997213
642364737113039,1154872
642309739319087,1058541
641949349124030,1017986
641873732533573,907423
641766816219719,1229397
641749533922314,1550592
641743766358420,1141910
641735966170244,851632
641677814107427,1412045
641471690827854,1656676
641469859649166,1073043
641222341380216,965615
640613718733577,972185
640527441168551,733595
640409922568239,955831
640375459560290,747113
640334800592676,844951
640192112882569,1471248
640099108486316,1333203
639956076150983,783999
639686403710370,1043301
639682000826161,960028
639650568620461,736204
639400182541829,1758168
639161186823061,599683
639155021090620,1276829
638852790105614,1404491
638293738695496,613263
638279000305326,622699
638201682518343,1072500
638040685971377,822857
638017639364557,953254
637981339873373,1378275
637979090181821,817196
637840302429421,1225026
637822420221320,702328
637611298980973,906425
637592067402944,613654
637397816789363,739166
637280901440246,977597
637252093967841,721147
637251759076567,696010
637214765103984,983310
637167365367010,1595715
637072342178083,908683
636883243885140,1276309
636871023334521,1932474
636152457344499,1035482
636080184094960,760722
635938060104273,1240508
635878985317669,1175179
635823270920570,730155
635795841479506,1104745
635785049491280,1267153
635142494735461,978661
635061769747111,1711373
634890375190064,1955405
634779145714923,837840
634622370006234,998852
634559012314579,972121
634543984359104,1074828
634530195910999,669516
634506379498077,1992783
634362385504143,670759
634268666570807,1050818
634252815228611,1163097
634056231312717,1103277
633886759275146,781955
633849116340033,704108
633821745083621,984372
633736668283817,1190234
633514606944083,714315
633439756661721,1192673
633346472378096,691844
632998622510496,735942
632761601379270,855756
632608440052067,901648
632607391987847,833974
632536188284433,799806
632381215210243,618270
632207271956484,802648
632110579841506,922107
631893498574216,732293
631742547976834,518879
631528756344259,701129
631360185916287,472756
631004222264513,1136244
630898678929173,576738
630893624259211,866467
630780954033333,1001983
630556479887753,749000
630440380347720,736717
630288731502020,805544
630224266171394,811743
630182883690304,1094578
630136702883733,1152642
630030721470807,1274920
629895112318167,997630
629891196022387,790185
629513937270680,576928
629413878300370,781302
629165200718427,1317589
628868938383621,1106775
628836302213437,978226
628732343269123,895196
628574404960163,921273
628479437684494,893657
628253788380807,1174546
628230492146714,1614116
628047536765981,1085940
627637426329579,1504484
627539345094887,728465
627349270255117,1409932
627199920781196,829121
627126802418043,990395
627071450193959,1058608
627058931909093,744844
626975931605980,577097
626739591094813,1541414
626530201788519,1186892
626151089244331,742792
625798980168506,1073201
625706924794667,678044
625648901946099,939819
625521258263236,1186747
625484388687389,2219244
625443855352196,669241
625223431353913,1181837
625080965234023,1748531
624871392290597,1366081
624677167565757,1145978
624600372943567,540259
624156650446119,962078
624038268387109,711380
623938452930210,681067
623919448572416,1331546
623778583016819,1205897
623769963673810,1129499
623623103091413,1036842
623405708651979,1184644
623165397802969,665442
623062047769159,701331
622990996045030,540114
622888055642450,1001632
622794981752630,725357
622782598581880,919170
622608557879344,522872
622334634486319,575918
622208978034796,991326
622038230971581,790733
621880757038189,1137087
621846673301134,1280776
621673546441796,1797231
621639926970250,1292180
621440601050500,2221726
621186865844320,2257968
621185885100300,846960
621120411285946,984597
621114938119149,754100
620972490171394,2205332
620809952883549,940460
620542250849996,1169732
620322180091161,1282455
620036107333576,725499
619984279953724,1182573
619885842614950,1448095
619657453791924,1158204
619404393015151,627477
619196263736863,1347485
618693652093191,1247126
618584622572771,1024229
618363345318234,1293469
618238355996543,1764754
618107943963030,1117445
618024032682367,719124
617399457534239,983289
617361069988196,826524
617267869800627,822503
617163638485826,1426521
617080583185677,801823
616880602155197,651901
616840310124511,708100
616744999600629,708783
616239464163407,864282
616045918416174,4798759
616009454081960,1123874
615878927606974,651048
615458557965961,1032215
615386646131960,1325798
615352794367496,851266
615341533623123,812368
615291204844430,673450
615232959293616,909532
615078362761040,1239171
615032831125180,649322
614717665497423,1189027
614598633256431,1290922
614234451196716,727623
614078177140103,699631
613952587376247,788525
613592127308521,691210
613547563651603,717783
613523747625193,619670
613485223528384,2328418
613479548747631,763189
613442051646186,974650
613393883121261,1180227
613353211008816,928839
613340485340150,726017
613176888769316,782657
613115661257257,1199639
612979781342563,1168750
612915519262619,825065
612835132471379,560024
612522903578487,753599
612241663328819,1559705
612170528470889,727062
612135639473306,692822
611827410252909,974549
611719260421179,789301
611684985463919,679367
611530492561983,713742
611251479938744,6169162
610975279045359,1427879
610910020642286,840685
610780651478369,773289
610537992259121,885478
610341992118880,636823
610302113481683,1258109
610046484284619,975256
609667761476717,781757
609592286391459,1011003
609518338698821,945123
609261138550767,875725
609196848568683,1125462
609120855920660,1232840
608943870715773,1886388
608881662549101,1632149
608567583019167,848291
608525368930826,1049180
608465638212783,1095846
608233336693701,1071436
608206000977487,609065
608194800827617,879650
608034012694151,740436
607960319320090,597406
607959698098511,1022196
607769489619811,620770
607658250482973,1013820
607653161827333,631001
607581294888856,511148
607485929233213,1312807
607357275518759,995536
607178283446506,825540
607006773771781,1110301
606897920394124,1595854
606832852860720,1232002
606746647962100,780331
606623220428367,848901
606591386042963,1078109
606209025649456,1109239
606056637238269,459874
605555248127123,830178
605364130438270,866505
605305866990207,877805
605184641559261,610464
605163837866053,1333553
605009704121499,878837
604952766923366,703209
604884633521440,704283
604801698843087,1036461
604706451261134,608541
604681714927696,966908
604595900008267,1478225
604563642686916,754456
604359574178061,1279108
604325504805580,814707
604313440392547,984080
603962575908371,773766
603905334856344,643293
603613450474801,1248360
603575641940300,716642
603518356605646,1017741
603346640554750,1313471
603323202496271,1357891
603222040762584,2601847
603220010526777,544254
603127342359721,1412353
603069181639030,753699
603064172450043,963551
602966797951986,1876126
602699994771056,872386
602681205177087,604022
602636866133734,1303980
602321561210784,1141605
601808234027787,771036
601795206391340,802922
601667241803349,675530
601574426879570,947863
601282688036081,947286
601150288633264,1665302
600893513515837,772369
600824247440079,1058298
600797608176130,1562481
600374275792261,1483335
600301134610519,930016
600271644190697,2095659
600247063870204,983607
600202154799580,719842
600190431510306,740848
600126417611080,851631
600108538767896,1127446
599899460004824,1417135
599512610077811,1174463
599403039848059,593225
599327139450399,963715
599290846597456,841356
599114000841787,654581
598981290458821,1151164
598952131535409,597236
598945674250543,947560
598638873816306,962912
598415240038090,751684
598353876978414,796800
598344911727366,675581
598224662220901,863377
598107397083239,1257565
597914779342161,1414127
597865347086996,1312720
597714613359374,1311907
597648399388360,602896
597415186687421,982422
597401509693797,1095683
596933056929954,903647
596851939741909,2726552
596819944515697,1000139
596660555723356,1000948
596639716529494,588545
596395162373111,1560227
596381057585083,1546224
596266552565886,718814
596252955851177,818656
596199356975919,791124
596030848119477,745853
595663077041757,774031
595654005646847,1124016
595330808492923,1353119
594904647975967,1155569
594898182322700,895572
594758767995443,1231764
594661211211443,1676194
594523362808896,663299
594241390655161,1298787
594223341827234,628469
594112714462977,816316
594092391288674,1242894
594000289850261,828693
593984299056266,1119975
593856355936569,1483195
593848217193733,683915
593599564035790,1111229
593257776067141,668589
593205127352657,843932
593199579511881,1006807
593052098792644,1373624
592862560328817,1074607
592547726932329,806528
592492502616037,1045762
592368653797980,837097
592225535707449,1582757
592181909366331,707955
592019976662309,912246
591320230895529,749159
591244186437439,701108
591182166173919,932231
591081023345950,701623
591058916584966,875322
590879527103666,987836
590672922456630,1050167
590606182637261,806772
590545451182584,784117
590492887886530,1413293
590430656317539,796610
590202588857940,576018
590138901226164,1009711
590056252366051,802520
589990584540091,797068
589983351135673,976025
589940309116359,991614
589620008779026,793416
589493014181986,1152950
589468274286106,723995
589378629338594,1165058
589355747050117,1272003
589235440363170,1732320
589127385888543,704543
589067853343894,1079533
588665273119703,608850
588546734660354,735195
588527070760223,586561
588517943130324,916954
588502457865030,1359295
588380961745390,502763
588364083803434,935700
588269306078496,765457
588157231514913,979099
587720654966444,1219209
587428882309824,1031036
587404792622086,898324
587379072881197,709977
586940423265730,750718
586924093693240,725778
586694084168226,1191708
586676441764017,899272
586637851702701,1255276
586565449630966,598575
586543602173286,1492982
586491505654983,777377
586276343546304,7599905
586083817643286,7730968
586060482310064,1636645
585919767188844,463038
585911757743197,500380
585867379761679,716307
585533642895116,618031
585476515456644,895176
585449470839276,758342
585065391693997,1025407
584894891912741,1028330
584870562755143,696608
584797981928211,593731
584719780539467,6398112
584428549741770,1216050
584141428943934,895634
584130874269359,585349
584110035521359,1100492
584004649752087,1080891
583892438403954,761955
583778025445571,776565
583772442974457,987771
583509125459133,998729
583419258572843,902037
583418590235010,887420
583232558625326,536903
583228950201863,995191
583201916351887,1332875
583084939242993,1495250
582884045488451,634178
582883668463520,1593191
582843888283399,648030
582754462952120,635491
582421562953744,693648
582381702910856,1752226
582193157298501,519120
582154154018337,959443
581790624287377,1602081
581776527150496,626738
581299614503141,1150601
581274225612999,857856
581241478970819,641137
581184495269514,887687
581078422587433,738549
580700721758431,802538
580586494816969,1186847
580474083144197,704714
580360361962629,753375
580319644537723,1512205
579948926137190,1375861
579758945609276,573050
579551475771366,595606
579414939027314,1051640
579190371251440,7449204
578749356294207,767402
578656284803800,734474
578608990855817,1690635
578582581569484,869122
578494308529940,1034065
578441951088694,622731
578412093930613,830249
578345309589467,1225005
578334590722154,1351014
578074415713323,1093445
577946811410116,1048061
577910007760451,603881
577894609861816,858478
577851299998499,929337
577787327611749,1117287
577780631591284,1051308
577684488157014,1102489
577636409113776,2582245
577451240246769,522325
577354340607854,1529747
576972022499073,1131534
576946123727750,668635
576691871810570,1086624
576656073777761,506059
576475572330517,977738
576370023227311,578564
576312161671203,1014028
575970158384964,797593
575791478462430,707976
575738926289099,1558057
575709970149303,1763188
575681150885631,859652
575667436668999,510487
575555416876894,966069
575518525131471,1023051
575497126458781,871940
575150778486416,998247
575042421397161,1120179
574815114571814,700000
574788831625461,867702
574788800272907,715205
574530871443521,1050294
574301131382264,935479
574229006576549,968874
574040619378209,832578
573960469703696,521229
573883701892447,646030
573625904292451,2986357
573513485157357,1254885
573472382211796,713009
573464658587326,727201
573394923508849,1405396
573320292178594,1192457
573082480252913,725455
573018881374153,933460
572882388236171,618330
572801845454524,677150
572792762836627,1943048
572752439796861,1508564
572740066824850,1126211
572607532629064,560975
572455594514849,977515
572211110529639,1206722
572186219181230,717534
571868801750960,1093396
571867904667749,1531301
571762287956061,645633
571667093222280,701410
571666149296036,932112
571273385769619,945914
570835898720933,1157603
570761843636814,1065697
570648620688433,581582
570575418194316,631427
570558644236359,889788
570549849397150,1540825
570512939639670,688199
569906859121367,687480
569882605304863,1299804
569863478351269,1100810
569851577830606,841603
569757027119553,1133304
569649933482803,1531347
569086785087684,685662
568468446001030,1095588
568321760430473,1294052
568171866229160,1020409
568065012555791,932906
567934662914853,980000
567838675111596,513372
567602878389171,983565
567598842901854,775701
566841357862404,761454
566701498612454,726468
566669196554301,992704
566630597449243,987127
566467581835357,545512
566324917144109,1840970
566284035966693,857267
566184675957977,1196278
566145201839963,586815
566045685551197,917724
565856272505983,1201124
565677761583536,1485805
565576363123381,607254
565537130690179,887108
565507763074746,774865
565492612392659,1514846
565458306524179,1670260
564990513207713,621538
564982994778296,777545
564641990092057,707553
564533074658873,1180124
564519274103000,690391
564280738724067,652483
564138667287181,801030
564137246565931,1202625
564039653397167,2281806
563905588043897,1240319
563822801034787,912283
563703469277201,1375573
563696544847419,792929
563642923980781,735562
563594703888139,1182452
563560250074707,905559
563470599910297,1198651
563208089014604,816097
563176080547597,1152300
563098270681251,545997
563040717401109,1510926
562944328818011,1873408
562732941082959,995000
562623573877644,714344
562589048002537,1211949
562495217365141,873963
562290719365020,1845465
562260125322803,788766
562137223444974,926003
561960513770563,1128054
561839087181181,923500
561509496819426,798573
561154439214031,1393858
561080209275841,1079371
560977424619107,1330082
560360485966843,785800
560210239181449,985144
560180336872263,864100
560123816206411,1127078
560105505943053,1123616
560052654161624,1229749
559914221267661,982182
559746176624419,772482
559467090915784,709004
559459447538749,1169188
559382615122934,1251824
559162581897317,818938
559063621861224,868211
558776555638960,608367
558606962167244,1162864
558516324987366,1253082
558476827424924,650502
558435866845394,737899
558319235330044,754590
558266291467934,848652
558239794253941,717420
558177410673736,842012
557982770125681,790504
557865562578504,1200680
557736139312836,879319
557568274325223,1767081
557507642958777,1286124
557422518908317,1215179
557368017506003,834305
557084813662083,1300067
557031619889636,545092
556991213606993,734336
556986066199131,1633067
556901315445367,791987
556812297526977,1103229
556752172604947,937839
556690220012336,687039
556661840180189,661684
556579078895481,686166
556432291067339,917982
556227686522783,567423
556158078396273,595962
556143381361597,506344
555958123625351,759519
555695633106024,1005446
555367630007933,994634
555363393892681,715957
555344269839107,1149993
555161892019947,625760
554868831760509,888907
554867365055797,895045
554759705264811,753996
554580320680546,723274
554451051935286,1170332
554247609968167,1198206
554208057924717,1229378
554057321957516,736118
553908194631211,558218
553864608056010,986054
553710779585201,862951
553511517016771,1920708
553230010458359,683579
553121379109187,739130
552489217399203,892272
552475984166197,653463
552152779829239,1004142
552144881529074,1420196
552097438143971,702645
551998189994851,946075
551834776684624,1230111
551668615108833,759968
551287813934280,724538
551037906631416,1417753
550945665341111,868028
550838508227899,751728
550598528583223,822016
550345938816149,1283938
550293052612723,1266711
550215765800384,758014
549620758180029,830537
549099847816993,1440482
549087040152073,1584641
548663364169439,1020916
548390422831803,1559170
548346923343163,741148
548306364272197,1211725
547890246923311,754026
547424317023507,719407
547403618751669,3028399
547254132296927,789829
547159439454227,1110589
546551326304734,928837
545815979764643,1211183
545721527590134,1481569
545536726503129,794207
545227110420069,2481202
545193066698631,582385
545149564382053,1644918
545138174994701,557171
544854038618864,565500
544740903398267,1204311
543723124087620,1090099
543707836757450,1339802
543346028692807,1025705
543277428592064,826518
543174549131874,3363527
542797860655311,1052256
542721645205961,726899
542668369975903,688805
542653145507049,793844
542589980837459,631077
542157739601164,565635
542059080845106,1344409
541979307236151,1003594
541932992313877,1482228
541912703959734,691522
541555282081756,662089
541551217000306,983467
541373850491356,796658
540973443978343,1167566
540900812842750,1157158
540607357858991,723460
540575407323700,882381
540334370602056,893126
540308826404906,810772
540208908188376,1020661
540114369917900,795817
540083025965039,1187835
540054297352613,1154540
539976773072573,732033
539960463928071,717014
539945250758817,1059516
539944211078613,1020503
539891038526113,1390418
539662468055013,1369046
539655825083389,1128148
539537738448647,627935
539465974388101,927851
539449119709711,591661
539427777187286,719108
539336943840713,878713
539090731185739,1136013
538931570325147,802786
538849712222114,791961
538810210574883,1124866
538704946692979,1123702
538648730432676,851308
538630584219580,583606
538619452287063,573438
538161766731706,1191599
538093985721897,951971
538065766537967,758477
537974563697037,867262
537640788844909,1159007
537553598951271,723040
537481528933084,1405055
537307817752553,885280
537137947931729,1759793
537066543060354,807309
536732886802670,1203387
536588450219360,1373074
536512334490256,950368
535789434820581,676023
535740187373946,643774
535657779842116,1063205
535512426898721,965909
535439891342704,1278232
535423099335104,952668
535246965257506,653973
535214117290726,764921
534742237956551,3198883
534536078090571,906628
534439793783146,1393427
534437071973420,1390182
534420907323001,1354243
534224577070507,619759
533941620401777,1303565
533928208666906,1184769
533849839820100,822966
533730507161390,1034321
533616942987113,695121
533568128091634,749314
533506900977133,644671
533448685466283,489896
533204654335040,574259
533109147605266,618916
532990479732126,785266
532903452540880,782258
532702829194310,1353614
532520056509683,824988
532432510204916,789377
532371710776139,852503
532354753079273,856059
532327516936746,753310
532177233419604,1251727
532022084183970,1731873
531981793773286,812741
531933945434711,965295
531573065073294,774354
531521070781034,892813
531413973218754,913854
531352771832877,689977
531329090000324,832014
531153043735823,811399
530797957163456,636203
530661795223017,1317583
530528227823279,1145587
530325206697541,740339
530242566750906,540516
529927733027507,623230
529661718721023,917324
529653072089526,1176234
528981652839006,945393
528945350407236,956870
528802119134771,676350
528761266375467,1951727
528675117775047,644706
528613147285887,1123987
528554926013621,949062
528547970994204,750531
528242823685787,569516
528195462803171,973345
528127201663474,816142
528103668236420,629580
527976515291354,463787
527946990395140,1461034
527874411663809,741599
527456100317419,750494
527325436630726,885101
526902964374167,1108181
526510827539211,594140
526493216843229,816732
526316663594589,771553
526299346771576,942877
526198217081230,1279553
526112881058056,1044530
526049900606577,757839
525823796827051,754167
525495156196313,612709
525376717869036,718765
525281625188103,945624
525281209562697,532217
525153672347526,1229988
525028743025220,1030059
524951732032716,1138107
524943895908636,1027900
524885203280793,1180565
524865625804770,1266205
524660175524113,714088
524632263074321,758799
524628294151804,1860401
524591272188769,1550853
524544392385413,1282406
524538189728157,676447
524531287125531,1657415
524472043349926,716888
524338847118739,896187
523862465417847,715159
523772947352461,1255546
523751598417297,1359720
523605582185797,672525
523490114429533,516498
523459877691059,711450
523264449423516,1204407
523201035906763,884441
523177831548576,627145
523112770025840,1142324
522979996542497,914746
522913290353353,7504157
522895580119157,635518
522868616172906,633911
522817144570351,758999
522797408642546,813828
522612342613874,751634
521467488304951,1084033
521363919377033,1078607
521361040862391,2772455
521132562475693,660446
520896636509361,721783
520615462657823,654003
520547730371014,704197
520437815590586,684727
520402152532253,1100883
520264232494331,546894
520087395030581,1804775
519995881574133,834310
519957268989430,882364
519538700175876,637145
519523696860167,562963
519433444979539,906817
519397733599659,688924
519158854261939,835412
519125880137953,601039
519111532435327,1130845
518478300720281,871572
518373492926191,624667
518359670390684,1121654
517999258368057,1313989
517930856085607,675420
517890798342627,1935787
517878190054813,1390586
517758841598699,728373
517674797734020,837134
517436603842019,1446108
517197402404877,837756
516918358653216,950254
516860016665219,822751
516839507204304,715822
516816165239136,986602
516631626697663,709082
516538743004853,953748
516390334224197,1330031
516261792017036,777403
516055889438883,747738
516046754310013,874879
515916221997814,872552
515847488417713,749673
515761150242254,776478
515651043184660,1146065
515570119779734,740068
515460128717931,1338461
515358621973371,961315
515329934109691,1213193
515100924910691,937855
515080610636203,771457
515007409982346,651050
514987543736669,704952
514899353142594,768752
514829593427350,1023186
514712787255991,885386
514577305157143,910531
514431341392780,670602
513937744324553,1403472
513931258463823,734183
513700224990067,700790
513561428573239,715072
513542054288363,1305522
513328259709553,845125
513235136865527,779315
513208868291197,742251
513114600245817,980200
513007421751914,722920
512825142291221,1512105
512820224049441,1197804
512622620103601,820454
512185024289381,1326108
512181305543346,1404311
511958852988671,708989
511956336577600,499683
511846106310391,708978
511687391085627,1239211
511685875101937,757440
511644491067464,736103
511485293464247,784184
511481509379850,878680
511045507858034,797317
510961204792403,842633
510891378764857,835248
510752546482920,743242
510366268433416,1259201
510323756170286,1083884
510251384710670,1006581
509947875208380,1126796
509145306672320,1514942
509075858845616,771864
508842921358379,544624
508807931944930,895444
508563648877736,780690
508522952671466,1513774
508187364457046,839338
508051651601669,580224
508019011662606,1092264
507817419888934,1375954
507807484661531,919725
507724421702796,708189
507555157033407,1793613
507429292614530,639626
507410361122557,1042501
507319594331527,909388
507162168113664,596925
506988907593363,891351
506747726017504,613307
506711084721616,1358654
506649460033813,1122336
506632639192029,669475
506560038051786,1232404
506556071875919,911704
506445267557217,908055
506383529758037,699122
506306645043114,823624
506272561839997,854565
506226842932810,789945
506188636518943,1133399
506052737959003,709500
505895388245417,946260
505657240744230,1113061
505574061190541,520564
504911517368087,759793
504616039257331,773522
504406256693801,900842
504209627598199,1061033
504187374936169,721893
504152002448303,949799
503816220185009,636909
503783866360247,611088
503051235465849,941338
502824169339677,1419139
502569707586001,1131751
502566345386829,733456
502476750263433,2034679
502365223347659,1221980
502209587494511,584108
502129275604180,948550
502106213560364,672630
502095134687903,6923263
502094131519264,679807
502084881735673,1230478
502078813958074,1313084
502022893752247,949668
501982757946563,1627657
501938372170107,602464
501787801341631,564170
501597269488689,828156
501468613218419,1277892
501428540668476,783394
501369901056257,666863
501362776806403,1132326
501224014038183,859387
501115725381063,1450509
500993587186956,682361
500946343260546,818980
500868054896044,684416
500626402866999,865809
500620625711544,1638650
500277008631200,868439
500275122576333,1332670
500158145724771,695421
499809944316254,639199
499645326906079,1434777
499578781444019,796266
499534829684087,602280
499534796191651,1579656
499204236680284,1055363
499084179167623,1226618
498949408374869,1064829
498836674507003,677418
498814595290794,722602
498508357125994,1447017
498497909568760,936066
498461968274589,818824
498317776506474,867505
498075529959107,930335
498034101781221,988212
497998300796277,1263586
497891680922369,713401
497671077558704,793074
497642000420191,1172314
497605001472113,812844
497218617812216,664348
497139036618597,1045023
497110439840097,629937
497103911796901,1237516
497094559444529,543954
497070977593270,1048812
497067010908780,716297
496988323522146,1458946
496915676856561,1070322
496743376953977,617303
496382390573394,858664
496154982358489,729500
495921008788333,721151
495776911668871,1016220
495757433965534,1234113
495753913532713,1124485
495732796598043,1039802
495627654280779,806689
495600225617337,912225
495094670359653,693622
494982152646980,769278
494785795361779,709127
494724044635424,826260
494655310140701,1430401
494655016854819,925775
494607220906793,686132
494554499570981,546200
494445613653357,1258458
494404811186329,1001002
494325001689220,1035023
494249187645053,450273
494176503522591,951808
494097022712010,823206
493990262970349,1524858
493948639135591,1141268
493788597334449,890802
493643831632760,1005924
493630369772346,875295
493382257777047,6380483
493199644695993,632114
493126511802339,715039
493089865646360,1196058
493089073331334,1035840
493040703354207,827205
493031160483640,1785063
493014410242140,657537
492910172755596,934979
492853080455316,743456
492771353444624,3013088
492464453009361,609534
492213512929113,923659
492090227592906,466935
492018700199527,972850
491924137219789,1404048
491758581361386,1052945
491320830819414,793639
491207152657096,625060
490913908431920,868373
490903397694026,775583
490883456346274,1330802
490855919262650,939450
490716314934639,1399218
490704200564393,1866307
490675887314293,667694
490646236326196,1353752
490553399593304,774681
490463590751760,1587266
490422911016893,685989
490400296319834,652787
490345195705253,768387
490269225265997,1170118
490244410915170,919203
489733378419327,1386561
489623425244801,1430355
489571693716081,1026360
489455006607639,755729
489434975159564,1031120
489137083334793,1107192
489111117301969,958399
488960745830261,647377
488623710782386,1103816
488497133588830,783278
488481253106631,687473
488307062973089,1241280
488284737092723,876348
488270518950374,979209
488103650529903,1393366
488087915156460,891697
487781283921523,820906
487597925813793,867366
487533667099494,2064632
487276268600036,647922
487153193133994,1109725
486723717485377,911644
486497707416387,837226
486401802446317,644037
486400752262559,728428
486389182985243,1065733
486227609064309,719627
486189706289770,1491553
486157351472199,944613
486098144401999,1137633
486053960984650,1078042
486026848766706,1071214
485799408184279,655666
485531981335896,1397185
485369630642269,1292483
485328220222351,924746
485321800782119,1016262
485140297208140,1243429
485058877250854,1055530
485040324073364,711833
484825731550933,1064351
484751615258424,722505
484558940449703,879307
484472603368136,587714
484150871175737,678285
484114134111084,850451
484096915985353,850396
483922041343856,16920045
483805648827080,770117
483685292307491,725555
483516973090417,746596
483502454132596,7208476
483406134232341,765210
483158612321580,764040
482821204118900,1247425
482692507312227,690128
482690818646741,1407402
482591223573589,899946
482472279768189,1454132
482352827461553,1001248
482191620129233,3358917
482181506094099,1884457
482074010252340,2681584
481979171778430,640914
481970063200451,793187
481685603714757,1060619
481366324681436,865691
481228311732470,788911
480951462515571,1274048
480939960898860,1403804
480654876080094,800759
479711041454089,751923
479568178312869,750485
479406501369486,749555
479175379791220,826175
479111176105797,852079
479086127933234,988557
478971690864927,908727
478842107705661,593872
478514039819043,597277
478324983748396,1234203
478001014513234,973331
477888324508204,1456602
477847747279137,1198583
477770976352007,818303
477719467221473,501303
477493629560127,1201039
477436568439213,700393
477368975182331,778382
477298466647369,1053250
477243931517599,715934
477226562462966,805046
477053455614164,610357
476926319180391,691410
476588835564357,605117
476479978200581,858337
476407628253527,1002773
476071926950850,809647
476053578177906,987003
476038080187816,1191489
475707598427217,655683
475440748653054,1370184
475430792506750,662423
475288034151734,1004654
475266900538083,1264516
475255050837446,1535566
475022647786539,859502
475005754898853,731121
474906507932849,698567
474631963684851,1643471
474602214632720,1304215
474313384162776,996559
474112638600379,982065
474078180986357,556350
473852378345151,1497437
473760846506529,932481
473756374131174,492500
473538297689024,1127569
473489521865670,544589
473470172217394,802884
473444923646890,1097344
473426588534330,1561751
473416567245159,521095
473289052593824,1123850
473104139017669,1093148
473043586260807,452203
473003619525024,754942
472972735232244,624372
472709331895243,2171365
472524182847951,5531868
472513919919614,1289577
472497979490253,1032067
472243141390264,903133
472119389737801,757750
472048010728177,971693
471896548045301,604490
471830988990923,834291
471785656505934,979177
471703613221797,1063102
471694608905106,706261
471684251274577,602682
471554783739441,1150159
471464105733194,759479
471381108288397,1272952
470926764131907,1051830
470914441541731,616118
470797789944907,942299
470658650551511,954679
470646616057819,1110834
470630849279140,965856
470468005033387,689928
470466913290294,701630
470283265150316,1001778
470227418352689,1194218
470165761870006,440370
470161018870241,816494
470158467567937,1227013
469990903718900,572270
469797947711207,1005795
469729756970487,969715
469661714383321,791310
469637722281630,807938
469404263645093,806112
469341351789679,1417201
469217345209806,1225125
469204109252293,648519
469029756136671,965662
468917018602506,828766
468915885871541,1156651
468856881468890,1406887
468780898142679,782329
468666819500984,878317
468562716003466,499111
468502013228446,671514
468251681112410,1125109
468194238914723,806560
468144667369974,806725
468141522457904,673504
467909802444351,1828135
467887344749967,643789
467882878496000,607631
467510785798519,1406144
467434351116774,1317573
467428371744434,1728464
467387585526703,864087
467353376264160,749798
467171586648701,1135345
467161801752440,1554151
467051120293919,944726
467044073032263,1159849
466950926236047,731158
466949590029069,770275
466839860650579,768972
466790771382307,865733
466784561533767,644126
466342824400939,835586
466234180339819,623151
466124810597364,693861
466050131168820,1092871
466006202373660,1329431
465922963670830,777640
465894520051899,660941
465639720386249,797171
465458002952846,1039578
465441337136291,1584125
465419557215603,910397
465297522445896,921383
465261380519586,678438
465147261032896,1358536
465102896884863,1260203
465069048689189,998842
464962363173561,650397
464947332845767,746749
464692112818830,706803
464675539141507,1480537
464662208750689,645967
464418866426911,3675718
464417912327149,684816
464339220809021,572245
464262821842664,1471272
464147910997626,593925
464134300270114,1202606
463767657687904,556525
463662341132951,646219
463540079582024,1599082
463320446162011,1353901
463224850077991,852677
463041502451557,1313422
462970586109621,1410824
462544465071491,752623
462330428171301,884411
462206691048303,619616
462071796913633,1394261
461666212817530,944961
461619451203027,1104234
461573940084730,1450605
461521019530433,644193
461513747567587,720116
461446214013624,699447
461386757934916,800656
461287198130597,658536
461216017051609,1315105
461177722081949,4991523
461104643262200,707756
461092005285359,605330
461061089699926,595512
460935559850183,606152
460721423565363,1210432
460648059186094,1184271
459766547991309,802697
459643909713286,929062
459605384287373,509036
459561565776321,1223974
459256730079106,1473020
459214016454719,1069519
459190824993441,1517332
459182417737554,696320
459136169344609,766459
459013459511040,754576
459009713719559,1017335
458907122490819,771352
458462476224543,1553517
458234140422157,1470405
458004911642149,959086
457904125000396,886277
456887670186584,1209090
456815013190476,693902
456809851121519,11607416
456423214231921,1038297
455839110727553,972336
455818864359564,724781
455673085723667,734743
455658908711436,627094
455598654556500,714725
455597930688409,840860
455542739096110,631323
455494345165953,1095643
455431187120801,2200593
455411775561336,757010
455397412603577,776948
455345069946430,807281
455214285759833,1290917
455099374677221,1167028
455045924703371,878825
454985364112607,1212281
454923005283137,637078
454501540780913,1019563
454487799866469,709392
454446317921357,1151539
454288690143650,9061738
454101980458173,712553
454046707811889,1065413
453927103022190,711121
453760913041704,6089424
453640649756454,1380523
453502346385230,1276633
453474115242660,979753
453405061831874,562101
453308519399769,783125
453175373408127,1059140
452855608651949,1080166
452795410162059,1026498
452795051322957,908062
452499276340461,1338012
452415280438039,770592
452408078212686,567084
452368976208487,656133
452236635082909,1066768
452135557923861,1409338
452085589541404,1471379
451998647147983,1080471
451914074229937,769881
451826382725970,1132906
451812011567550,829162
451685464932857,630428
451532733602126,1314958
451381888283817,975403
451045994875531,1190863
450898958812309,932454
450885807447396,1106361
450864542645546,975828
450848243294439,594701
450516289676696,2006122
450418433716594,1128460
450383125346001,632060
450350848221173,1480707
450128155030421,1113819
450063679190306,974820
449974070539373,610093
449961909959931,3190688
449953313737040,4491848
449926262224961,697235
449791323674927,2050944
449685871420303,809020
449452933885413,493551
448975274800183,1014979
448782654785809,949470
448551361023149,1134199
448505044675667,601573
448250450351226,941479
448004334397534,1343080
447859826273474,827667
447812136925147,649038
447556855255571,1695995
447312361028644,726917
447233384594213,1187971
446830682298570,770419
446826845053804,549587
446592963699617,562314
446496359553491,1008869
446473599778326,870931
446444158144093,1220261
446113923250737,706650
445997610647893,1553718
445984382038056,695554
445981638406563,735828
445611949107371,557274
445605005854456,736068
445559497484506,1179166
445249947082283,887718
445145673940679,540847
445022472909996,1327924
444552681008997,780166
444470215311160,734198
444446991394954,835827
444430773999714,1040360
443855361072841,1206576
443754081618261,614881
443735689027019,938124
443724091752197,886496
443437926441870,649973
443395833524350,730574
443395833524349,653834
442996234134489,714825
442960372818424,1428887
442825058374344,751511
442702979160130,1587387
442698351753394,856512
442403585376037,1037759
442387605818444,961672
442339733089954,880743
442187217590037,635434
442054264104919,1035164
442043269510526,1050627
442016893958204,716518
441907981064069,1200759
441822383359049,2042964
441729633795180,2003144
441612079559004,723766
441464460508854,974060
441445595197394,1139516
440973832856144,801778
440883806183614,971510
440555947673644,720311
440432387097136,1026335
440181048661086,1061298
440030469812411,735453
439695579172403,1114464
439440227235679,797540
439337102090899,882650
439326496171760,998955
439289460253960,913898
439249849573113,1356423
438286004546671,747057
438120916331657,798499
438093825801266,1950011
437816391139421,737772
437618569070659,917567
437409206208480,1283563
436922102192509,850625
436921626224233,839563
436703980377846,603638
436670366633997,661485
436499202674903,617089
436385284772083,804347
436185680363957,1163491
435917324717667,607739
435891230679493,903889
435817027404576,775197
435714769232774,993555
435592509793686,1001201
435474376664141,1001100
435188009172567,561765
434776274003576,786454
434774672676986,980112
434766051505924,875208
434665750991317,1052174
434531590276739,606817
434514719018473,1225307
434433922202203,932551
434323414334140,787605
434229498106919,1071266
434185455226556,841910
434178254721170,1305532
434161187077887,1006426
434015623233387,1101620
434006385638031,536629
433540540292766,742208
433510323818004,958343
433495977664331,864415
433428738731751,796014
433420310842673,1523056
433169681856601,825328
433157425630204,844081
433087534132996,926683
432866848615693,680928
432789386650254,1177500
432597825864010,901547
432541911749660,832546
432539167322500,783625
432359269897421,939295
432225910040771,1713289
432074180948070,1138419
431255197586987,855378
431237986635177,1119123
431139542356441,1178858
431005934821061,678323
430923994704703,579113
430787652248580,1260818
430771552247314,962276
430731682193721,1380793
430448280329496,773303
430329278966007,1248223
430008254856787,1373708
429714624160610,517651
429650045357446,914121
429637846089801,810398
429503375048357,1105481
429377045053559,776609
429242366561424,731558
428979224100677,840180
428849906824491,1326489
428831947999399,1341816
428794529656383,1587405
428381447534400,2645254
428332341977096,1040486
428022444720061,600642
427904462881914,823287
427545969139597,556069
427504454474870,1015375
427479000515253,964812
427419166446633,774042
427348994121357,1161823
427206511788811,1072893
427090117624799,13921169
427046190098321,1143843
427032202676516,875894
426825065637227,881154
426700020092571,1071039
426330218649873,818968
426302501988199,691975
426215779702803,484702
426094591839421,1212732
425892821081929,986840
425808425424499,695913
425528527301683,827679
425447988254490,1141628
425262489927346,675822
425123268087863,956641
425017248451857,861488
424621841353177,658913
424504570219559,779517
424206713771851,1116231
424010807788499,701530
423982832212964,774531
423809976333756,1350250
423782533748260,876728
423687542425669,1014791
423666765444249,1540407
423626634054286,838948
423621608715057,964907
423610463691469,745940
423302579490983,808614
423299092398909,647304
423296791189530,1463143
423281363470209,1443501
423237364045064,714215
423227269615161,643833
423039666537486,1271823
423027643015116,633082
422869993971490,722417
422780959800139,614038
422780103088160,542800
422733719159609,790661
422683808199847,1008658
422668923255731,1056976
422540409759541,889882
422483413757814,1379337
421865153700790,2438834
421819580017196,602180
421632010974067,655719
421599654145043,1002328
421019403518867,1022062
420938048037554,551585
420867647056814,1565020
420789746644194,880455
420762680755377,764291
420672181131450,710437
420659109446829,696188
420610388722129,988889
420608601498723,1108109
420459931088289,495966
420440239999780,833979
420236144358907,800807
420123123048086,1156929
420062522992114,1589971
420056782072146,1131554
419808403150757,855889
419779002854183,733351
419745534956553,940417
419688456413909,1577716
419626598634186,651502
419448966290066,1312108
419381891724199,483210
419379655351104,1067019
419044227115621,655736
419037624222981,1040760
418868996939037,1995990
418694494815284,714748
418552946007689,739559
418478059996319,1268017
418361992760656,725802
418271670417939,722399
418231486411857,708635
418187816887171,1157104
418047211787870,1327754
417881978932791,1125655
417851369329871,561331
417561703238960,1547467
417428399972737,1192971
417373964341973,973165
417341224004549,1418237
417204042975574,644060
416956041185077,1011439
416790072211771,1476317
416678740895801,1139413
416549177918706,709290
416285578388627,976565
416085471807930,1087302
416017482815837,6137921
415866160437761,908192
415735485229911,1069216
415666818418911,720117
415605260943180,1581599
415582373170073,982152
415332973193610,1129607
415316511404393,1486370
415243471150209,669545
415128329924603,801561
415123126197431,792765
414976278857406,1255343
414926597535043,1120913
414191223517970,635238
414139795961264,989374
414058209689986,990035
413949919994780,1062314
413904243063609,889093
413849136551540,1350028
413461139046533,574183
413385905152826,675856
413249925719159,892669
413206496333650,680483
413129221486940,1129550
413108476216564,1042409
412981578061743,1062815
412947159983381,877194
412814414793874,729098
412707163844386,1416974
412639375366313,708093
412516638684159,568502
412483557199306,1169387
412405134285733,1212605
412330842656324,1629700
412228887291100,955786
412168105921184,1060378
412154707513700,710287
412134474950587,1057873
412074919366349,951598
411981034887651,831313
411463140161856,495081
411462332035246,1203852
411219608221787,955403
410610533896357,1351703
410555321212540,780790
410343055047759,747528
410188944120740,910040
410138482811740,744917
410132976119051,619618
410009990886973,883345
409846751942267,638469
409720830277760,1062202
409652598749257,560325
409632045148650,756880
409444741737546,620709
409276636699569,772608
409203235399091,899060
409107925092641,601894
408884606477856,861863
408860702190254,1787525
408745733984826,851088
408728853935734,857383
408375198705614,937528
407893694389944,1181367
407698456756596,1059463
407637629030990,1027195
407565871834196,1296903
407401010963836,1186320
407212199433381,1408396
406891253829427,540573
406798233152949,577815
406705363780281,1299230
406619123245496,732573
406410113091587,1058453
406361431378439,1400859
406315136626241,2240676
406277087851229,494102
406249609487977,673770
406215350273656,1006638
406105269279657,1873740
406079377560734,689020
406052885010259,913248
405865104189140,627699
405848321270946,2095084
405789113317641,752857
405666915608200,607216
405543311878594,770011
405534249044530,1688090
405435198883973,715485
405378659296404,1155363
405293343436827,913511
405216299155729,608862
405099810088690,597844
404910830357570,1368336
404862931637280,934900
404764609942831,701875
404651007933254,936969
404581035631353,908098
404458657551784,1020622
404340374692577,928774
403970829610149,758941
403949134535176,989212
403856082365464,1344310
403817374864421,1201986
403618899785531,921061
403559736389370,1272343
403507379333164,1473362
403495164017291,978912
403344136779866,785154
403028933552017,7705496
402918424352261,896976
402780470127784,835081
402702208506126,1424699
402502541302140,623611
402477005176253,697356
402205876848047,1299114
401558002176424,1933278
401407404247666,712598
401273086145357,796271
401178010361423,657840
401131355272134,949360
400874488243809,751381
400871009465461,709176
400596875156244,952432
400571941344530,2425659
400415996201464,899949
400215074539613,793249
400083762101544,1047484
400079785634601,868499
400031345161943,1116342
399643636535980,783200
399536169710674,1772393
399152259164590,976950
398930070726441,1061703
398767088815224,814686
398666080749844,839162
398395075508336,1043761
398273614340576,2066055
398244744086644,567483
397670055430830,922247
397592863147783,651062
397561436908009,940088
397549485330051,769153
397509736069677,506223
397370479888244,624095
397282800290699,625547
397233160057814,572078
397007809191084,789731
396932931094174,848021
396900164794194,1373270
396881752021440,812375
396782608945511,815537
396386723860746,625661
396381547798757,1102889
395839355034446,866937
395731263862146,890223
395636726491921,781776
395263284653197,841483
395094640489796,1017644
395038192448060,1393503
394940077660411,730635
394831842601864,1233015
394796940151729,1465458
394789002693057,621447
394620551995870,639715
394533868555806,765883
394241196392514,1604638
393705499462384,569767
393507470399256,1037956
393456425003263,773777
393427363865141,943461
393416392917106,1150151
393369213139293,1283917
393168043874287,613622
393102948191724,799259
392893082374654,582269
392807006505141,766603
392440159363481,1059825
392222168713330,997261
392033704788197,1112982
391982893662860,1174127
391482252527037,721197
391345029741843,628388
391215653900041,1444347
390977601932750,627218
390826706851973,879608
390576705554333,758898
390571819523120,1326711
390403212846037,846911
390156829647861,1158782
390099835909486,802269
390074854221876,756556
389829416844643,633142
389814534845981,1238455
389804538574923,1066501
389532016136871,958188
389486936426516,619283
389478147679211,875855
389365054750623,720354
389303635844451,763589
389248538972724,1606853
388860906478224,588758
388742471678833,745037
388741261634787,1659404
388723324801189,1434120
388585425441583,729982
388524620906897,721419
388468034711719,926354
388446438022696,803672
388273576375584,1240172
388206260444747,957910
388093633839883,719302
388029110030410,638106
387948617193427,1607789
387932447270406,1366239
387669695050927,706025
387629865579976,1167818
387625360899429,1429801
387417764099729,1252296
387332720545304,1550201
387022118007676,1060269
386969485779991,970651
386731096631774,1067867
386719592359284,510381
386301167177421,1347845
386270256908500,556792
386099987760003,805225
385981148946424,1579730
385831057972206,1299875
385750336249184,1213371
385732895842661,955288
385692048248657,1274618
385490171523439,877073
385443961911490,980000
385331020598886,668437
385267365466970,740053
385254365576981,780873
385246114300204,957866
384797968683621,849486
384699599542773,555771
384435215708687,1101005
384299448361123,795401
384073293468673,995573
383526197833790,1418265
383487349210970,1040001
383365717238951,786429
383356703780446,508623
383353294568374,750911
383260478474843,594661
383218042214970,582936
383012400317226,950662
382952756583956,2025519
382837662626253,1153153
382817376459646,1249997
382656043474633,819627
382543908925661,985309
382317533193396,1071734
382295041216987,1415840
382172305122471,1258960
382158386760644,1176953
382059107515904,557057
381949558556083,730869
381827107258116,1468341
381776599451599,1233649
381731787248077,1321942
381576400277234,1392105
381414601114871,1347610
381197147125847,869205
381139079090277,739503
381034798521681,1068329
380853295396330,856963
380189972206306,922958
380030100551379,649614
379973797366961,1131658
379940000709863,1012055
379774396053206,669998
379727016749006,1287371
379664116143841,644787
379605550562761,1411845
379564773891306,1468308
379378828167040,627496
379343343527859,620756
379158636075976,967162
378875592555874,568204
378765507888343,1601391
378559268320061,769280
378274030858883,504115
378166031242417,1536432
378132032293454,731996
378089375103824,1096470
377961710582473,821869
377827005868441,620690
377715935049514,630647
377255069117734,1119289
377196518358780,668420
377004229274754,1047342
376935151879830,1481774
376880243637001,1210239
376842587538427,612381
376558460258966,764120
376543112578190,1729004
376477050923790,1245229
376410874445257,424955
376232000557073,601169
376169418754703,762121
376136345995423,776230
376099774201209,953630
375967330364714,1002531
375937487346480,1681236
375671529437349,1146865
375563911048076,455905
375500693167496,864703
375449262350814,1169229
375348613380424,903677
375297333525213,994282
375258636396187,1135564
375151694167193,1007313
375104724148214,1061237
374744079287490,662030
374733085509329,497524
374614630829413,1372833
374458834597717,750877
374357077020159,1260152
374039966935403,791505
373999861963209,1527885
373790164933831,641114
373688503021407,653166
373571291324327,1049317
373418663462639,1589572
373288046929467,990094
373209534594027,946755
372960237303304,1418132
372875543671067,570590
372567266956913,746795
371947504759863,601442
371760764185283,1093343
371690409063580,975964
371528226305277,933586
371500115626599,1519039
371438925451913,803309
371374258375020,1032470
371344622122049,633645
371174687015340,841692
370745456040706,1114568
370682445676627,599369
370624127040997,992447
370606715677656,1406862
370491877738034,714508
370214703240103,1152300
369865275950471,1128316
369783924367883,1124142
369699356910723,859967
369686139218457,1335336
369280584260709,1019052
369241737879721,720334
369010316212063,1243880
368608772642141,1650139
368312033350370,1285377
367954287410359,935109
367746377375423,1067285
367703885978727,774033
367479736405054,735497
367428818443194,662348
367224983755001,1540097
367060597164786,1254195
367033444220643,903695
366967746168079,506686
366593720401506,569041
366552959811266,1062305
366437630989790,641468
366361292479683,1175802
366348897376657,766461
366301170382941,1555849
366132957423896,1520296
366017315765987,1606533
365914362949656,1028907
365885908417674,739368
365615192080451,597551
365585516358109,703490
365571286203556,829493
365532883258876,813196
365483109762991,1079708
365394024903661,901743
365300873976021,850377
365125278691596,919129
364863334222403,699294
364754334757360,1490228
364551396400033,1321592
364433373254090,1568821
364392449007446,734571
364254747651419,1228150
363945147223797,1250249
363818045460377,698862
363471704881176,622820
363465480621589,760121
363402579591426,876387
363323923272409,1045240
363255266071881,1147348
363203387484034,929613
363135629637311,706600
362873838134973,1144340
362714689183593,759498
362463291757961,479932
362435662620140,1597169
362358933523980,1722492
362340684999271,1168817
361898219153477,743490
361792930271323,823005
361286867652953,694219
361234314319900,559793
361188174336334,650542
361011683585174,1068367
360859173860351,1001379
360750318226810,876952
360636618866139,759533
360607071785880,748140
360465615704806,689886
360457322074913,911732
360377980216876,1645059
360307745557150,1014592
360259519565866,817104
360092328989686,938838
359879260607220,1682104
359684897904334,988493
359522800352283,1524640
359139341503401,809072
359139341503400,1135875
359005907525514,794582
358911841904644,923499
358484538788326,1443522
358406917426091,779887
358345637227793,902652
358108803890303,1244854
358046677770343,983712
358011956797659,827138
357867698204329,1155560
357736141909021,1478685
357670252013334,648087
357549420432123,1046461
357464870791846,1058476
357444749750657,1363402
357409434524234,687746
357311285586136,679763
357188649599374,778838
356732829412061,807362
356652610731514,610319
356607608399190,991038
356605954028197,862174
356446507565680,1318925
356376661106491,1846917
356245809816716,1466906
356043377364364,1059884
355864178737537,870417
355752815027544,676288
355718145727931,713103
355644899846204,924879
355489324204010,725411
355201787680177,863117
355043510164331,811196
355014222108203,1215351
354592765226021,958090
354584457665520,1031632
354547652449611,573280
354280601291000,768251
354278648701551,941485
354192890307877,937221
354009417092646,596354
354009057525873,642314
354001771790329,624878
353913852775611,673453
353870710809534,843809
353846782649960,778555
353607814126697,711863
353542624457074,697099
353453008709237,993081
353407567996141,799566
353345605295574,659608
352758717944496,699221
352093674398609,957795
352022581862654,793187
351918365400627,1024307
351906965720153,1030653
351880420134711,1068215
351796372655666,1012811
351758815117893,992696
351701028803066,784352
351647788781550,961924
351566294441504,628588
351428896160664,829264
351240552499830,1342502
351239867741449,593178
351141666411704,1255099
350708278418060,777852
350663546974220,1259541
350573759766371,1399882
350429259837440,768973
350332758903050,1130258
349995569555753,1077546
349865891664189,8316737
349774920704820,1088655
349732200128833,1296885
349510733476346,811130
349388176104184,774038
349369338311743,679996
349312444764196,608982
349171149230847,667355
349053283428707,761840
349017777590496,546626
348845973921659,534614
348649196116750,859438
348409578413517,787659
348375954749553,1071937
348297373022880,685528
348126529938621,926363
348063355602404,591382
347965731950209,1003161
347891507307046,1134922
347847886607189,730588
347766258812977,973406
347762580597367,1104190
347721347971920,625108
347718110707963,1044781
347704257471983,893165
347440016685430,805896
347415546650699,553534
347270030508686,799680
347013197482789,1213940
346989260121176,909594
346612955614583,1434589
346562235307979,769452
346558136666937,690419
346413229216157,669770
346404110058224,968140
346237495974876,677206
346086264227143,1567077
346033354872309,626767
345988863079157,736088
345550522169441,581680
345543529734131,650580
345337965764869,1171686
345229751896557,631661
345226585151324,913238
344967498382723,611961
344864436806357,977788
344857804107364,661111
344850628276537,726335
344840017068130,593784
344789976191491,773468
344749855851427,514546
344735318594809,762272
344601737742607,813565
344530596828936,984760
344493436870389,1035293
344470344774631,8820000
344355698689160,749640
344303543692441,1363815
344290163986669,943366
344242161705679,723847
344214126650430,819254
344204923847721,971094
344199040778116,953448
344192730342569,1122727
344145780710009,945808
344133627515804,1123868
344055662104420,1442713
343870095028650,614929
343780263468154,865841
343671832607299,1298395
343509097349000,13045487
343481368456367,1497448
343376533457321,755541
343056396529656,1330114
342819489556151,1484224
342772257689291,1053211
342673240581926,611548
342597692803686,910246
342476282123789,557528
342305017730090,1344608
342026284017519,674894
342021386004587,1034135
341830406064891,618674
341759991775574,668957
341735626620159,918306
341653798029601,769110
341417759851641,2027068
341238814968117,865350
340936964330429,739426
340853987600173,1384482
340642086346941,607515
340486785473613,1109120
340435023617884,666851
340268604947844,896298
340215395344413,748059
340155539266760,985463
340043184200401,1982368
339946076727593,1109620
339824993454023,841871
339824818333719,1345554
339824598909987,1840738
339654702300777,839018
339620214377577,996648
339054872940783,577270
339020544766837,1396036
338795615370981,1333990
338716449266780,915768
338678779775823,912113
338678378018996,1642367
338524249552454,996683
338335181876590,897057
337985569729266,2126494
337865380324053,1021773
337854531790743,731314
337221850397840,741864
336822458218263,1937288
336811536727951,1167870
336805050511594,810218
336741866425801,1060759
336733741621510,1596268
336601624635124,1258855
336544321833350,828988
336474294906881,1445898
336263534970171,962818
336212023854136,797981
336201375392247,1237702
336181503511943,708457
336159712674921,497341
335329470882343,803371
335108949278557,1042466
335068998427810,1055713
335022139585570,922186
334830405791190,571521
334478868165924,798849
334473830113196,744217
333462335775400,651149
333426680168409,772487
332880479657873,659258
332651283655941,1012896
332404237598697,832763
332401293529413,625131
331907010938244,875938
331608034466199,753647
331490577492164,1222303
331457181382729,1152495
331292668795189,755470
331259200625963,1023550
331063342415249,3252272
331006033967321,637176
330989684167716,862968
330889495478257,612669
330843721871869,984184
330776933546874,1426321
330669186815814,657871
330479382481457,596187
330387869848677,560780
330386755905370,806149
330363206165050,1487639
330035131570989,558588
329983050187920,665564
329970172064557,782106
329950442107176,631457
329712796734753,1302832
329660556213424,2162124
329654410470134,611881
329596410676397,724475
329532207172350,1500348
329478559740557,554379
329332104427607,3391921
329191975854109,737851
329186464008636,939424
329012715329150,1196817
328910019583560,1070977
328747680545381,778102
328677611640516,852194
328427885173499,6719874
328410992722304,3739372
328403165567170,1177621
328336699542233,661833
328283253563046,590077
328221860417191,1806140
328147132792291,1640497
327928958187487,690363
327595748972386,828532
327574536484274,1052115
327503647766863,1157365
327421779883401,763670
327167263569084,814621
327122857662401,1130936
326927373601044,988326
326771872852811,682878
326194827106589,701373
325803511686434,905507
325665743194209,564601
325599525888351,965305
325565478496176,921718
325504052954259,2009996
325494998635046,1377937
325381067118139,856853
325368718556349,1344278
325040955785020,822821
325029816519261,885027
324949003367953,612762
324774265374929,1021622
324634255834564,770514
324614856144676,759420
324529729508804,1191233
324296808617026,783199
324289430629409,727438
324247252309621,825462
324203320148094,1113085
324181390046707,650266
323976413917936,1223979
323822562287366,717485
323795553720940,1380546
323656915483779,7903482
323596106986251,726635
323562170950299,905914
323448492771031,1246060
323432448832896,543030
323392679628374,721492
323062703627187,1025984
323030256040679,1084301
322940317603467,952242
322885169879496,710928
322830989892194,633677
322830144612219,709377
322732882800220,970852
322364660291821,669309
322364474972350,754218
322352314990324,945781
322260046925331,600225
322260026579670,985947
322200535125486,972286
322194713103126,834342
322194255960460,790552
322022327945014,972143
321828810045600,1439336
321442473883334,970890
321231239891554,807684
321200004192070,1615221
321050827792079,775285
320940372201740,1059217
320676180571411,1302719
320657154392844,906912
320614408031089,701913
320558194844831,1160894
320543323881980,855459
319972056811656,1220168
319939569632990,565421
319916426706520,2135374
319854617889929,1591370
319457328115844,948523
319415832849843,950134
319383812595423,516237
319266006023953,1535298
319221068804056,990436
318868743601144,1162685
318853686581607,1156806
318808181128941,1054650
318741305055387,695082
318402112099606,1132702
318389749973666,754915
318058704048110,1145432
318022157447140,931763
317968253332233,636291
317807664907743,1245380
317591733338443,956398
317539132547657,647105
317478538671951,692732
317145378111660,793954
317038048391134,1039653
317028470721849,1058869
317012377141590,1255378
316902548679320,634566
316862043300316,947176
316830208110976,679490
316818057162209,831526
316783078949740,1430488
316686906550274,507687
316622936936203,610726
316560289493434,623296
316509309894216,492500
316503931312353,1321051
316463346950803,822015
316237284875843,785097
316163380149767,896445
316145268316849,1264736
316016991580894,1167237
316008897419087,977588
315739945370627,768775
315333271819309,1053008
315139734002950,829592
315018517833917,579382
314895545148590,669689
314886478649937,679787
314868848025620,776939
314688004287631,831590
314529237961247,965883
314440312957344,1013780
314315445639800,1492143
314162006867303,1914520
313902970551590,7730968
313815145746737,755779
313536416371493,1086146
313424717244007,866177
313206454453229,771718
312980743183256,1162706
312321689506920,1180564
312109593182064,941511
312059367401374,972764
311992651489359,764276
311960535078851,735011
311776374739503,1101090
311655810100251,512134
311046924378969,904962
310978384243019,834393
310658246678921,1369110
310594890187486,702362
310504278405889,707157
310422579621123,4862381
310370124461626,961811
310346604975343,616424
310231549794064,847956
310188696308353,696494
310169827789729,2192721
309841638030109,938275
309737809717506,741869
309710402815514,1238095
309606323747923,884731
309604017045011,1673848
309317055979900,718150
309255154811266,737051
309189079237324,585064
308887287782020,675163
308624309884616,883334
308538948530217,780715
308485656748674,1023326
308466738503456,1435812
308447201524533,1056483
308424246511713,1067207
308277591144680,728524
308227551687930,882084
308125217663706,720518
307635264489167,1060138
307369901200866,880100
307320300213673,621680
307192813440757,1099787
306844255739634,1082612
306761350151081,766948
306738249584444,741205
306662228841553,767035
306543337239376,635379
306479084373637,877871
306448398414781,684484
306280189728046,857255
306147599799499,1574045
305899847855077,989416
305736810028010,648383
305733520593611,671450
305649750403080,816126
305609792237614,994006
305573387451060,681603
305543039082109,775173
305477092373683,1367658
305466336436864,624157
305355520986497,799002
305227912049113,698297
305174732979207,785998
304640721618043,954032
304388028933271,913110
304302863464540,927134
304078014756701,1397884
303983662269141,2105975
303811253556281,912463
303699266867110,581341
303694608216273,611398
303575917041140,857515
303119224454474,1195651
303017303394934,1286866
302959678907553,1891768
302886117289320,935742
302756337304304,1055017
302740527140647,1126148
302707332037647,720444
302375198362516,717303
302315475370789,680968
302265334660117,791477
301714877248656,911327
301591684864687,1642196
301552844690031,1111922
301327656340457,1443347
301249099722220,1105272
301106549975759,1135627
300998849924080,899772
300952826552420,799204
300924461313066,573953
300813924580780,778450
300575003844529,1448317
300566884197916,847323
300548134485613,1092394
300443302100829,784937
300367512038490,954099
300280122002439,705134
300185391124173,975112
300181064405337,818239
300153690361724,948058
300060892048913,1188251
300025678075953,2493659
299657882275346,1149970
299298399282376,1125869
299145047395096,1100153
299117842678861,1265819
299088331650721,710439
298984724537679,758472
298884763386970,762061
298750015615820,1374905
298666336501400,4193774
298358319188233,1705379
298157867875309,1115324
298137191209610,1193779
298094415555274,1257944
298019001825143,1644242
297857614091016,1541254
297519455650699,1028878
297336874289801,585777
297212592533889,700383
297143717582483,1661047
297137004359356,929010
296987643462550,866585
296882238919024,905002
296820484909057,864280
296637608782921,1076305
296549053722213,1067569
296545749214913,738526
296406864073167,753773
296307675691110,946049
296275727138480,1488917
296205142857797,1067833
295681282895743,1170308
295659345372284,946845
295537175518676,1510728
295491897272374,998120
295258435882063,831999
294904308337310,1966230
294857550887096,502920
294853166932677,594431
294801343045379,969023
294508131270080,898884
294453042418376,1203354
294297879737840,1107287
294279007931290,1364558
294071266288709,1124112
293726617844857,848620
293534633560294,981323
293502749131696,1026364
293444503808590,964739
293268548022863,1494994
293268014099483,779517
293225649917207,900696
293084403337460,745271
292744354529067,681810
292711591493351,830400
292688663190530,556179
292517030488269,1038088
292412787741413,820448
292068577875660,1106430
291962756702843,790482
291870442437670,884513
291858111759309,1165996
291813746960127,831121
291755503082163,1106700
291750008952289,1066368
291554867940986,885758
291219465192821,1380695
290955922482113,981999
290679961726834,1010565
290636603996066,1151829
290597645565729,706808
290218116223914,988243
290154488955880,801915
290150556094317,587077
290017838322986,1005270
289853556030883,589432
289421807741276,1049275
289316353066794,1727503
288955908410810,1235290
288721453106727,993701
288379218746647,984025
287893413592666,901692
287886588677954,603746
287745665061026,718168
287709827387603,1486200
287632629717190,851974
287477770952199,932422
287465890193633,773525
287429352323560,949854
287423047396163,1262486
287422861526901,9972851
287276548998861,1797856
287201122980076,800907
287094356031406,776760
287054166806870,628529
287004094572811,1050943
286937315467639,2446564
286826438643330,1390025
286819138327287,1276422
286757418356841,649592
286734165850000,758213
286724614266660,815892
286701435648631,1758161
286477782729077,1175868
286445068084217,760572
286140066372051,867632
286128715489963,897193
285981782541843,784056
285960769315920,1240632
285891881374751,1053127
285547273303991,644148
285300504107547,729530
285219334690920,743926
285181452451761,693790
285065081970586,1166940
285049946445443,1443258
284918575094547,877877
284756295572643,888109
284111187438920,1062647
284097749774737,961726
283800755360206,544597
283649791200330,1108161
283598503011656,894072
283207461666700,625906
283155360321494,949801
283132859136449,636836
282751520877837,1782498
282653566061026,769239
282623269860976,1057280
282416868681449,803163
282294811963317,1054459
282245873961576,1313509
281964770930844,683012
281922268926821,707194
281892343585890,839362
281463991773873,872937
281351371088123,1708634
281236289025557,1310067
281126132952269,681910
281096815660333,973456
281007146051353,1071176
280958257103056,683018
280952611521841,1224907
280168143680636,889999
279985913136107,507680
279852053173916,624821
279772989967660,944067
279714480328181,843853
279637616928739,973455
279551185686359,603872
279283704954970,869767
279147810753917,1145503
278740999272966,1265366
278625497313361,696159
278507690461014,1543028
278349596073403,732769
278315243944146,571531
278265097987389,757580
277937894897146,676124
277915981168901,1041521
277901127887996,726856
277889422337319,780725
277802495816587,896202
277788015865130,821098
277382550721774,733146
277375206237927,1130366
276999934992809,978100
276881520263794,1100646
276676243330599,536140
276562162423054,1121719
276523907350464,7952858
276508481813723,1060194
276503985767067,874622
276188603274674,1348569
276138574709696,1124812
276051729242221,1098491
275841055795831,788501
275775693709720,651578
275732598063903,715743
275683401216351,1665488
275663290489230,830044
275405597513094,1114845
275351465560587,739815
275147340120816,741137
275119642554714,2143743
275100068914990,773224
274951981638710,1065465
274906751236861,705518
274772711062996,1017039
274559309917683,1034320
274490106457866,1760264
274284021399017,654511
274028013950224,960936
273659617056739,2703965
273644010107881,876181
273555147588749,532761
273390903297474,1064752
273328555079021,982038
273001789955956,1091383
272769637920716,1079633
272543659085269,643345
272481387400264,720062
272432144160729,518464
272420914229349,796880
272419764474931,1040368
272281753569237,788382
271980695090964,689296
271937930863427,1425062
271732238355099,1036529
271651495585843,795449
271558708365140,964143
271207625457837,765389
271197802998039,925513
271026710715690,622185
270998846021850,1062379
270938609283037,713474
270916450514904,658430
270830961687501,1247814
270827988990341,816978
270826264480274,937029
270702958105890,778306
270623904277986,844344
270359089022564,510348
270230147498920,709053
270198460082750,1597113
270171423572174,491330
269905205899836,884401
269838095654671,572044
269821574237187,1291881
269778263703510,770181
269514195267024,813687
269443278787211,866460
269248247577627,1301428
268968852502817,945314
268940125197740,724624
268882185543917,832263
268475937977946,896147
268373481035493,1189961
268366363831181,1020951
268281218450180,1356544
268190959953343,1077213
268140919954487,1184995
268120812953621,958654
268040670958427,868966
267840444780133,636406
267835115668614,850658
267783636126979,1311618
267739685474170,781588
267629644172634,1195459
267563554055659,658496
267487780802317,1657426
267469098092339,1786177
267421541382634,677376
267414440545497,1299834
267411563239269,1041730
267322331262520,799965
267196101784213,1253603
267044929267411,1096844
266968583134397,919440
266826589662930,888623
266803317511690,869192
266670517354746,1542652
266534777538334,898772
266423872282224,865887
266348347807241,936189
265911797281986,1042234
265813790878007,680035
265554916599063,1219823
265553369496254,752084
265474502737094,970909
265451288697349,796023
265386506990050,1048471
265334906783893,935389
265331533412284,1213717
265310763031503,984282
265265278168767,595099
264954765964471,1220100
264903070681444,1188531
264852897298481,851256
264839606415293,1040047
264704040668161,1197304
264413741170400,1040146
264206224218130,672175
264203507245189,699678
263715829145814,867130
263677966446886,1260964
263651668089886,562692
263096441433609,1110301
263091523413483,899310
262955394030587,1112269
262862735240741,1102409
262762860173397,671803
262745532624407,1118698
262547141119237,1103448
262520512047181,1245466
261789337507934,1103314
261728708554957,1142584
261722224420994,1575272
261719577825929,689859
261664306339534,723545
261562403807939,769402
261435744115549,754807
261180124722887,686438
261080193424897,1134702
261024578481554,722939
260775675595397,532437
260576205001550,770059
260516983955429,1072076
260228462211310,1322833
259823652282547,768224
259602774781157,882154
259518663992566,1414862
259443506100934,844606
259415756756851,1606666
259299437533944,719370
259065040356344,732484
258867689284889,1366628
258539939190659,721134
258434480099041,909695
258404826023924,1125892
258342485004427,770622
258191371497371,1088859
258106232613471,760407
258008096563461,1009540
257960894711306,987559
257960217369884,1136783
257817458555521,828908
257727156966904,853332
257720493143423,1136914
257387003420316,1546718
257269479108894,1199436
257262634040144,845256
257158405343906,864930
257088701995589,1050297
256588909651847,850575
256403118972053,1318266
256234474906721,1420186
256048702497464,550638
255954889215037,604712
255840831422189,967011
255831652515854,664954
255629478840147,2394612
255248517486681,669311
255239764761354,668320
254732514622311,1115822
254684916315520,1289156
254676328647967,758823
254654329976627,830398
254624585368459,737143
254539821943179,865737
254438305498117,969974
254432200963591,831119
254360513228880,567947
254192890465937,1026153
254145470262960,1644663
254076821679917,539489
254048799877343,1652340
253909174643347,877083
253677478777221,640389
253462070665639,1055908
252904371573936,1049097
252804833033749,700198
252649527401347,859899
252517644598556,686334
252453999350747,1386410
252138583678621,1135007
251910294964141,1734193
251886465608109,867632
251749813194327,810889
251649215306600,1018514
251589584527839,619207
251457989509020,1177150
251280692346971,1071798
251217123210761,933423
251182651558971,1462238
251037238081220,666492
250724450482723,1316953
250718650046236,882198
250445524803786,863934
250418046020627,772391
250371950677517,855763
250354006662764,1599667
250252242450889,898760
250145259660761,782420
249790383082810,667820
249668909481530,886839
249586410851533,1078623
249320174065566,1389662
249140997575946,756541
248824187565386,574364
248652262568816,1082766
248608804859833,1030157
248522133997793,2026318
248396555196979,1992518
248275491322131,1268748
248245075287247,568076
248093456837559,528106
248055002083883,668650
247629162112653,1547841
247611427983670,830528
247551883676024,1121800
247537953379350,1382745
247335238905493,1017630
247313363011444,708863
247262999318237,767954
247145313152469,1178622
246797787814007,1348309
246693454473354,958355
246667141786754,494351
246637316302737,684864
246553502330776,704646
246461843046237,1089933
246422965510776,948520
246403581031694,934834
246375615051824,683846
246207224197774,778393
245965394106969,1276414
245861576105990,1569236
245589871770551,748610
245307675445900,1615910
245192447627601,721359
245135470600977,1156433
245120525496004,877840
244802287537279,1113584
244526718680264,1419554
244467608446586,661073
244386249066171,989551
244295377583123,1002380
244166221074169,866379
243989313640577,1195424
243957137669307,5808514
243950060022681,1468637
243948194384476,590968
243875074684920,631870
243673896651890,1609769
243659662225883,6195753
243646555960329,706091
243523380124474,1624539
243325008898656,965009
243315752971614,765556
243255405682057,825704
242980571772263,1015672
242950197992399,504346
242878417496521,884888
242818232585923,750007
242813258331561,497084
242755080254219,1166797
242486960262021,484857
241835218096199,815486
241815677508840,728468
241769691307254,806282
241747214357196,722418
241568602181959,891035
241522295607339,1114682
241454278773759,785336
241158725844414,1082978
241121451134054,745095
241111786600267,4461704
240715306934949,630923
240678219332531,1390434
240673896179650,776593
240634337408330,1119257
240454984801573,759567
240396059926964,753834
240373870817529,850908
240290159785149,815950
240256238831821,1040274
240189301935181,802880
240184744946921,489881
239932753507167,742738
239912976383143,726217
239851319128916,759066
239719444313424,1260547
239464218787516,1149339
239405119621741,921606
239285112212856,1156571
239255727025971,861349
239209827423556,976177
239075920283280,1407568
238934559889039,723159
238665146157609,876774
238457463821731,707206
238444943812184,964002
238424759577256,771716
238224086450899,782711
238223555323723,1007671
237981455355766,699349
237966461511619,1153005
237724426438684,1587710
237697398064556,844602
237559877481396,847264
237235500758637,1269765
237179381625477,775349
237145879459854,1719054
236995050459579,774126
236962426385446,1624534
236833009478744,997701
236828490557803,1087943
236646630649106,1066385
236601334420427,1378911
236390740711699,718718
236352973499240,1363660
236202557196600,1280563
236163952525326,1002119
236142563279937,892031
236094700067150,1561066
236065500438540,778086
236021054498054,1281243
235887055775297,749761
235795917747141,1342777
235730296965853,779460
235604779953613,943879
235579794195341,1159515
235215875192900,699525
235190659453636,6397052
235013211324701,1446891
234661134869399,988159
234414873967446,767271
234389190185703,749252
234383631319456,1079320
234055015147293,1242795
233790524382660,1143476
233751508795079,827925
233700476333611,4790502
233631682852100,886639
233628073180190,734578
233327390533703,985858
233266060017387,946770
233064124932807,996203
233052499377567,841968
232978933363017,677053
232929706123896,9860000
232835203753804,720912
232740882073977,784412
232740370891019,737542
232676243074059,891352
232528450006094,2218372
232436397365600,1331604
232042644308939,1060485
231862560024629,529319
231734080414824,781988
231628929889723,1340347
231504886402550,852034
231168971323909,1418234
231143169952243,953425
230969404880931,1016672
230962874234800,794957
230768558064759,1828759
230299103334520,591393
230011689063390,2474843
229993618787430,909541
229897721266997,871456
229403428702213,1125411
229348274935279,597188
229140297591631,822566
229010239277129,619370
228947656915159,865456
228716776945447,849791
228540533183477,1118197
228438095994903,710808
228352683525349,1193698
228152497565179,834883
228148312769237,1915297
227747954896321,1062516
227548067125921,557396
227522593968159,1231897
227473727366251,862491
227405254399667,1119021
227370829202844,1415776
227240153209657,1691225
227189569900297,782286
226865113450446,669220
226783664272834,523127
226657377722379,1172951
226039401705184,1349445
226013323120037,1004995
226001737537294,1112961
225929199541814,841497
225848720263880,939898
225596671498876,1137656
225589878405220,870170
225568332847493,771696
225524888389776,963002
225523488245217,780935
225390788350220,746467
225372920190930,1370788
225059903309016,866951
224954201273003,12214149
224923035088393,908199
224840691493844,3748443
224740067523864,1299334
224587343134614,1442453
224559891328784,755164
224492807774789,1332559
224113070369973,1149695
223971088081441,1444216
223782260179384,1114866
223657673467864,756947
223638260493906,685694
223574949409604,925386
223431173589506,780143
223406906954309,604721
223399248600057,670156
223359988019033,540454
223338652453330,706612
223214695299371,842157
223184766538236,1014032
223116333081414,916578
223107761851466,982368
222973636540593,715717
222895802534703,1001239
222644042582270,1381854
222460586920844,805556
222425069994850,713174
222311089880784,755177
222042350148704,709595
222012061681797,1306031
221937032454284,999857
221873272207351,789842
221869864961976,1490081
221077414596693,1493183
220964515289599,820131
220946704633240,897069
220782100951650,936283
220682755411706,1268913
220482089238206,922239
220244711664123,2355223
220072578046964,1760505
219915371912857,857614
219267013848137,905412
219182398966711,1008050
219049127364263,1830447
218942429699697,830041
218912998834201,809422
218804086466683,567681
218651246941336,895403
218647090138533,614853
218440483016686,1649017
218419007216503,863541
217900729832823,635872
217811343578404,706113
217771423385150,755577
217769665158837,693941
217522156123043,652496
217381355909527,1297835
217257093670044,1074071
217240518838911,976967
217020710800946,729137
216959222465633,601339
216926041422377,1003339
216910540477493,1028534
216311915284066,890571
216250074884329,731889
216025978913389,731470
215876075675334,1319251
215837079105144,777736
215836884212044,766313
215756914701644,786944
215698879504579,607751
215667453531181,677356
215653942995414,859590
215590804642336,3052299
215307946051699,738759
215179435524790,1130260
214726004805147,973632
214542708688324,1516890
214515479597334,1296002
214423988267017,772281
214203481375184,642636
214100703486969,982373
214061984106537,963028
213899072537217,504552
213781824076107,611408
213502779754707,752914
213314524270796,794983
213278611519789,820624
213204967452891,800098
213076339531687,1279257
212936681471673,952802
212777937269084,918622
212770711903994,1145263
212744156026664,703542
212390858413011,828924
212304869454729,1196162
212272415979491,920094
212238034655696,650707
212130562154864,1099941
212044840904576,572745
211910745748291,788880
211757503035729,1285991
211520438090203,662035
211502349761010,776535
211319265358076,1126797
211157934206826,872389
211122389161167,629273
210986800662714,1149302
210967210939919,951891
210861948668000,967259
210839727861309,906685
210830959103584,1169786
210826891103999,1049140
210704423532960,1205353
210631864495033,984577
210478519594500,635664
210359830421880,913147
210359079636650,951602
210299133265010,1267237
210159490195370,1343393
210153280516793,732952
210103452243334,867192
209809367453346,2680778
209776594230730,5556828
209665524343821,1063457
209485494344050,721433
209433507897993,1171936
209167448640580,1944188
209093160558001,961797
209083365557843,1035213
208867022061341,797198
208746091927164,985499
208483984920419,1247053
208414650171344,2298365
208309085066789,822746
208118734347230,1131156
207829598216026,978357
207762633601921,892086
207424048812174,9503981
207307353277721,916221
207099685951413,1126293
206895428524400,573938
206877221630964,1205187
206801191522931,762239
206769738255916,1136605
206515336928169,1074790
206198156483436,747028
206116682470204,9374916
206103754927541,1054351
205871584937454,1143041
205761793850181,3408846
205760479844120,681787
205752895207780,862604
205728385234616,1108936
205692513243497,811267
205649624700317,1322710
205562938482899,573673
205316099535190,958893
205257584442584,1161109
205215468290140,1413287
205133322612397,1342910
205114892655530,739490
205102914339224,832120
204957925153681,681274
204915255260133,1035813
204841440569829,1132691
204739156592413,1457961
204616389810681,1148736
204455700287733,1225595
204364117280049,1201547
204360204495143,1134964
204245623236354,1066797
204126470124997,1029224
203853066724524,713468
203790874997037,566346
203559450433279,1478272
203432646641037,686593
203416701024904,900426
203371714858449,917315
203316313633191,810482
203272638868624,591098
203250792869853,744484
203183915758110,912392
203168862171201,674441
203161791490619,725089
203071201054526,1076084
203030522309177,885501
202692825067957,794315
202673845124299,1548005
202591225672137,1611596
202460879805924,1322266
202335609527524,546856
202153852719383,635423
202152731379131,542322
201862623952986,714898
201609199889790,711371
201592037982713,609715
201489186450433,645905
201336566530870,820047
201288107788906,1016197
201261382629906,842041
201257690548059,1865699
201030528816239,1183741
200931275510331,1279684
200807432945596,1074304
200785953924330,999080
200782393887550,703858
200630292193674,789002
200082914330830,8940502
200071205671363,1025135
199971233450963,1281910
199914128285597,1345893
199875433645354,853075
199506295407550,586946
199469511814014,570134
199402347348696,572988
199401201412467,853075
199318360159403,773729
199297009952374,925062
199291932505599,792094
199227737981991,798361
199151083464776,1405383
199115132861843,739666
198952426007313,720258
198915509060060,1499617
198844100314573,1237789
198842919039289,685351
198713204801831,784037
198316862588174,607980
198158079628523,770514
198122254932281,844706
197810766422093,972665
197583966327377,1199629
197376264624486,1278150
197278262752051,669262
197268884614633,785777
197265775338961,1188944
197245939240146,755238
197032036041474,725832
197030203144693,819600
196699659232407,1103249
196448191659853,657783
196395579284950,629982
195810904405340,1543533
195616492624481,1223209
195604506749439,1090785
195334297803914,1094120
195261185983916,631103
195237118456971,1546644
195180302293787,1146232
195018384444097,1452505
194855248846180,723858
194846405153209,1241817
194741149973659,712656
194589727974717,712861
194517009377027,773612
194485336523950,722336
194239241055580,767588
194224007961183,782946
194020458163353,810948
194004910031924,1199491
193907804963254,1500031
193685044243187,806553
193489252141421,1011588
193481055390030,3050942
193380066548016,650564
193341668601270,1130830
193275918021300,842309
193157972724299,775616
193036582722966,1004135
193018512279919,765124
192496347044020,610287
192228735981854,1020656
192174409260520,1352300
192071664816946,860704
191992699624169,1202274
191792932314006,565309
191563152451766,1372375
191209491964146,1101227
191118081123264,530923
191095131396371,809421
190984845702887,534249
190962981720807,713752
190944572226070,1145948
190831147807601,1215323
190620371408296,798153
190318653861541,1039468
189933261377673,1269254
189909411502441,982424
189820225917777,1404578
189508700009970,665129
189206306757221,899876
189160962468510,985008
189007512101163,674968
188880250848531,945824
188796227805550,1013988
188280696468449,1338492
188167142017134,792986
187979551069763,1214460
187794063241739,698895
187478567491526,834219
187473124092959,2428023
187312960846079,711322
187179222201941,851509
187030925730701,47938400
187002888650370,942096
187000708213421,704227
186961554857600,689850
186874412517187,615381
186848601271713,1042342
186832655174117,1063005
186825293159977,645249
186708585487824,708825
186239516600623,860250
186159571009499,582290
186041819167074,665962
185919861425154,954585
185888980198510,1123992
185857042667851,968618
185827892167501,1343663
185602477089620,736244
185576924246210,932392
185184428881899,1123958
185117774192269,759448
184945707377803,846693
184690582382214,1264415
184440728314476,1237090
184406105239356,1175951
184330262652019,752464
183573859842720,1106884
183571538785881,1075885
183429489644694,541874
183334361257823,1174544
182956741388267,922224
182952388407590,773378
182889526555579,848579
182834533900663,732166
182703549001746,1085682
182656077870519,878857
182451897013457,1084680
182275095347881,911246
182103609902284,1172824
182002473899199,712179
181951003669247,1401827
181459410089280,1726042
181209577956761,912899
180985805008564,868585
180807392458366,1063974
180797215330191,574454
180634992199644,2114234
180531589724200,773760
180311730597504,666230
180155723142019,749922
180114448105481,981133
180034364106053,1979058
179925906807319,690217
179913954223957,2331924
179862575009447,501424
179756690132546,685091
179652822469623,1252256
179572254986719,504237
179507231744881,656017
179500911334303,1360459
179466717560533,566044
179409595127811,655200
179408279468857,1004507
179144979342131,998083
179106634805239,794950
178959558629084,777444
178929651927043,654439
178785366618109,1171987
178729136351341,518770
178695737156174,662638
178413496012280,452169
178256301488410,8215394
178251728675779,1159807
178069751485216,909737
178040204987613,1239497
177403425481321,1198094
177307574376791,807353
177127136653250,947524
177069889966547,718547
177002423915947,697584
176930664783446,712067
176831154548281,447083
176793125507963,1020361
176490610549774,632176
176274206880570,1353049
176263432282414,623610
176209533198789,1138847
176180110130936,492446
176167566070431,1746154
176137981563169,876334
176127539859734,852847
176007307665606,1370195
175958457009749,725074
175883437205054,876349
175881568888944,1050900
175672204794073,1123443
175589662549191,1430780
175520293645449,1266551
175393569040669,796714
175373789704809,627806
175373362393857,796602
175200177485237,939928
175049598954367,745908
174851402380709,962809
174774634072297,1090159
174686470226931,1205560
174648065277920,634110
174501896870054,1894430
174500745233124,810177
174346852226171,1421655
174125515453364,483797
174085545544361,655530
174010197901023,1257667
173840537893394,983300
173526322210376,1167308
173414083329561,1212521
173311758059367,669166
173308464138624,874436
173124117573250,628396
173036145813250,643527
172884210046013,1806874
172802472834813,637833
172779375228710,1099493
172531853967060,870638
172395322752023,1043548
172361525604377,2150320
172356791354116,620516
172349484081026,612063
172079574891667,776584
172054548244271,1988298
171891896166224,575153
171598568558191,592962
171595397282807,885026
171497011625950,811283
171469917423786,706219
171329639005006,990478
171224015305687,1232743
171180967795907,1061379
171074039099723,737318
171023400647893,694374
171005850463411,894591
170884907886787,1022329
170654487173633,799831
170373694219344,1318987
170305795938454,784574
170248596378056,746692
170144023423760,765279
170130285069346,686885
170056026065550,951551
169759245069861,1574759
169654713114917,1176642
169529999052856,745728
169427998323340,628617
169359812721010,1165058
169273235186420,894948
169150416374360,617770
169103764017864,1486970
168931614126337,791082
168895120301639,707673
168548063930927,1414016
168255403040701,773287
168086088329207,1514630
167805996900304,683540
167784339953036,1204140
167610673984726,971326
167554380952934,1036280
167539329026327,1502937
167346142370050,769781
166702456858004,534781
166373009956617,674433
166210169362366,680306
166145384982239,569531
166107853254863,3315342
165998499290036,1119049
165909226069136,1093659
165907605213710,1154029
165797354063657,1605553
165595949225079,1629756
165559210310639,891517
165468851704064,1165620
165416206330540,1720185
165299385852533,843653
165285084149793,757658
165247023905400,770654
165165731240926,789773
164803387849100,871712
164629186201004,942638
164627162164156,1362632
164463200534120,523185
164364913352641,1100336
164286297656583,926414
163994638471501,734144
163976477492670,1047010
163953115655190,1366157
163849572793160,894364
163834646713789,825296
163788260715357,797827
163539620996304,1064963
163448923668150,1688596
163434701433923,929705
163360325061340,1436742
163359395494230,753636
163167918230523,598722
163162510190680,615310
163058738004549,572589
163031705373839,546513
162931498180076,611141
162672342844624,865286
162664514670359,1828945
162662278507706,694835
162574649371306,1032685
162418477419699,1086599
162296198059857,988469
162252283729644,624089
162178150839376,2500388
162176308434101,1425825
162038463911051,1184694
161811607959196,2311177
161310499134930,585447
161139367256133,1219102
161100430897739,702918
161069130131439,682853
160891289141440,1272324
160772038694550,977129
160748132278761,1213631
160682491871447,791846
160671048253193,1230931
160633359935673,760508
160392598404153,596524
160323693732629,924754
160025202828630,1139715
159810373110210,1228623
159762032959379,1347266
159659764732127,844603
159562506197673,830051
159135329969237,831025
159030325679201,1050844
158920370215283,699194
158828707669160,1011544
158616262258807,1170929
158568939086974,630997
158499383487353,512121
158183143666364,894107
158182203548469,690646
158142209357887,780500
157916576706537,889608
157909881674011,1034702
157581679881331,804030
157256854679566,754693
156948338569706,1413635
156912500337419,668931
156797029031416,1224545
156784242314997,1009032
156643908298796,934534
156384829251959,769415
156359791967823,1589955
156329429389149,1594204
156272778744150,1239245
156140652997309,547510
156078831678666,1038365
156037296916657,1314408
155991319278747,729482
155961006285546,1302614
155788598221261,588567
155721270778890,991062
155518403914367,768456
155500356537627,1230308
155436001452636,1132753
155160608821521,1075385
155040795932609,1193690
154913529843116,1663558
154634648731193,785248
154596554680989,689468
154569314747266,825103
154537478826256,633403
154521446832124,758430
154145899253780,2129222
154041657169746,563760
154034077622820,826117
153983702881621,1881386
153886352771263,749769
153874796102384,1192324
153871689010590,1388402
153521388865054,909480
153454832662807,1037522
153360460370653,1031740
153105002824493,665806
152938965686139,664223
152827270292991,623455
152803087193134,721425
152601940477351,731627
152501342544567,959540
152389022019101,1284969
152261018322874,990675
152176571579260,865579
152141648354506,1072599
152108550861320,2267169
152070967723560,564606
152070480094467,1184005
151859091418537,1056077
151618525751224,832391
151548309070897,896302
151479570122704,1099100
151279604713699,840486
150965581781143,800423
150844005280794,1186078
150455546083331,972011
150451188553921,1133074
150422225058246,1230760
150132173756479,1012398
150113652053333,771201
149412117996986,812626
148996976165666,1311267
148955111112793,1003340
148276098204086,830033
148260836766226,716447
148225179935073,1083721
148147968979004,829748
148134120338364,1051026
148051602997643,609542
148041919006099,1020797
148006495366806,750068
147912774334676,1001999
147892133685393,2270252
147855956490419,1020193
147799920768169,1099346
147787973400164,852767
147780312683163,720914
147769268271361,718643
147764276423024,759013
147662111270850,789045
147617953127126,1175082
147505594893807,1291340
147497490335689,944911
147406768477187,1717081
147307376115014,989744
147294890251674,745505
147154348998396,943146
146927215575593,1093051
146894088164531,1471174
146802218035416,618304
146677336884527,583246
146674120816963,1179098
146519387358397,1039630
146472724919560,1732962
146155046493389,995104
146122702139254,685123
146024517474837,772124
145855306343996,770407
145460043443059,956933
145391986089771,904414
145333759524444,828542
145289847693069,694445
145134749219879,2480074
145025056071286,897975
144618256051366,662975
144127117054240,1305245
144085720024507,676205
144053865143330,654613
143637985522529,979693
143570062237300,690716
143441354692000,1557387
143366958697316,978517
143360299794509,1101991
143247046727379,1399494
143002493394427,851248
142914030146036,1184838
